TABLE	Ordinal	Field	SasName	Description	Element	Checktable	Datatype	Length	Decimals	SasDatatype
BSAK	1	MANDT	Client	Client	MANDT		CLNT	3	0	VARCHAR(3)
BSAK	2	BUKRS	CompCode	Company Code	BUKRS	LFB1	CHAR	4	0	VARCHAR(4)
BSAK	3	LIFNR	AcctNumOfVendor	Account Number of Vendor or Creditor	LIFNR	LFA1	CHAR	10	0	VARCHAR(10)
BSAK	4	UMSKS	SpclGLTranType	Special G/L Transaction Type	UMSKS		CHAR	1	0	VARCHAR(1)
BSAK	5	UMSKZ	SpclGLInd	Special G/L Indicator	UMSKZ		CHAR	1	0	VARCHAR(1)
BSAK	6	AUGDT	ClearingDate	Clearing Date	AUGDT		DATS	8	0	DATE
BSAK	7	AUGBL	ClearDoc	Document Number of the Clearing Document	AUGBL		CHAR	10	0	VARCHAR(10)
BSAK	8	ZUONR	AssignNum	Assignment Number	DZUONR		CHAR	18	0	VARCHAR(18)
BSAK	9	GJAHR	FiscYear	Fiscal Year	GJAHR		NUMC	4	0	INT
BSAK	10	BELNR	AcctDoc	Accounting Document Number	BELNR_D		CHAR	10	0	VARCHAR(10)
BSAK	11	BUZEI	LineNum	Number of Line Item Within Accounting Document	BUZEI		NUMC	3	0	INT
BSAK	12	BUDAT	PostDate	Posting Date in the Document	BUDAT		DATS	8	0	DATE
BSAK	13	BLDAT	DocDate	Document Date in Document	BLDAT		DATS	8	0	DATE
BSAK	14	CPUDT	EntDate	Day On Which Accounting Document Was Entered	CPUDT		DATS	8	0	DATE
BSAK	15	WAERS	CurrKey	Currency Key	WAERS		CUKY	5	0	VARCHAR(5)
BSAK	16	XBLNR	Invoice	Reference Document Number	XBLNR1		CHAR	16	0	VARCHAR(16)
BSAK	17	BLART	DocType	Document Type	BLART		CHAR	2	0	VARCHAR(2)
BSAK	18	MONAT	FiscPeriod	Fiscal Period	MONAT		NUMC	2	0	INT
BSAK	19	BSCHL	PostingKey	Posting Key	BSCHL		CHAR	2	0	VARCHAR(2)
BSAK	20	ZUMSK	TargSpclGlInd	Target Special G/L Indicator	DZUMSK		CHAR	1	0	VARCHAR(1)
BSAK	21	SHKZG	DebitCreditInd	Debit/Credit Indicator	SHKZG		CHAR	1	0	VARCHAR(1)
BSAK	22	GSBER	BusinessArea	Business Area	GSBER		CHAR	4	0	VARCHAR(4)
BSAK	23	MWSKZ	TaxOnSalesPurchCode	Tax on sales/purchases code	MWSKZ		CHAR	2	0	VARCHAR(2)
BSAK	24	DMBTR	AmtInLocalCurr	Amount in Local Currency	DMBTR		CURR	13	2	DECIMAL(13,2)
BSAK	25	WRBTR	AmtInDocCurr	Amount in document currency	WRBTR		CURR	13	2	DECIMAL(13,2)
BSAK	26	MWSTS	TaxAmtInLocalCurr	Tax Amount in Local Currency	MWSTS		CURR	13	2	DECIMAL(13,2)
BSAK	27	WMWST	TaxAmtInDocCurr	Tax amount in document currency	WMWST		CURR	13	2	DECIMAL(13,2)
BSAK	28	BDIFF	ValDiff	Valuation Difference	BDIFF		CURR	13	2	DECIMAL(13,2)
BSAK	29	BDIF2	ValDiffForTheScndLocalCurr	Valuation Difference for the Second Local Currency	BDIF2		CURR	13	2	DECIMAL(13,2)
BSAK	30	SGTXT	ItemText	Item Text	SGTXT		CHAR	50	0	VARCHAR(50)
BSAK	31	PROJN	OldProjectNum	Old: Project number : No longer used --> PS_POSNR	PROJN		CHAR	16	0	VARCHAR(16)
BSAK	32	AUFNR	OrderNum	Order Number	AUFNR		CHAR	12	0	VARCHAR(12)
BSAK	33	ANLN1	MainAssetNum	Main Asset Number	ANLN1		CHAR	12	0	VARCHAR(12)
BSAK	34	ANLN2	AssetSubNum	Asset Subnumber	ANLN2		CHAR	4	0	VARCHAR(4)
BSAK	35	EBELN	PurchDocNum	Purchasing Document Number	EBELN		CHAR	10	0	VARCHAR(10)
BSAK	36	EBELP	ItemNumOfPurchDoc	Item Number of Purchasing Document	EBELP		NUMC	5	0	INT
BSAK	37	SAKNR	GLAcctNum	G/L Account Number	SAKNR		CHAR	10	0	VARCHAR(10)
BSAK	38	HKONT	GeneralLedgerAcct	General Ledger Account	HKONT		CHAR	10	0	VARCHAR(10)
BSAK	39	FKONT	FinancialBudgetItem	Financial Budget Item	FIPLS		NUMC	3	0	INT
BSAK	40	FILKD	AcctNumOfTheBranch	Account Number of the Branch	FILKD		CHAR	10	0	VARCHAR(10)
BSAK	41	ZFBDT	BaselineDateForDueDateCalc	Baseline Date for Due Date Calculation	DZFBDT		DATS	8	0	DATE
BSAK	42	ZTERM	TermsOfPayKey	Terms of Payment Key	DZTERM		CHAR	4	0	VARCHAR(4)
BSAK	43	ZBD1T	CashDiscDays1	Cash discount days 1	DZBD1T		DEC	3	0	VARCHAR(100)
BSAK	44	ZBD2T	CashDiscDays2	Cash discount days 2	DZBD2T		DEC	3	0	VARCHAR(100)
BSAK	45	ZBD3T	NetPayTermsPeriod	Net Payment Terms Period	DZBD3T		DEC	3	0	VARCHAR(100)
BSAK	46	ZBD1P	CashDiscPercentage1	Cash Discount Percentage 1	DZBD1P		DEC	5	3	VARCHAR(100)
BSAK	47	ZBD2P	CashDiscPercentage2	Cash Discount Percentage 2	DZBD2P		DEC	5	3	VARCHAR(100)
BSAK	48	SKFBT	AmtEligibleForCashDiscInDocCurr	Amount Eligible for Cash Discount in Document Currency	SKFBT		CURR	13	2	DECIMAL(13,2)
BSAK	49	SKNTO	CashDiscAmtInLocalCurr	Cash discount amount in local currency	SKNTO		CURR	13	2	DECIMAL(13,2)
BSAK	50	WSKTO	CashDiscAmtInDocCurr	Cash discount amount in document currency	WSKTO		CURR	13	2	DECIMAL(13,2)
BSAK	51	ZLSCH	PayMethod	Payment Method	DZLSCH		CHAR	1	0	VARCHAR(1)
BSAK	52	ZLSPR	PayBlockKey	Payment Block Key	DZLSPR		CHAR	1	0	VARCHAR(1)
BSAK	53	ZBFIX	FixedPayTerms	Fixed Payment Terms	DZBFIX		CHAR	1	0	VARCHAR(1)
BSAK	54	HBKID	ShortKeyForAHouseBank	Short Key for a House Bank	HBKID		CHAR	5	0	VARCHAR(5)
BSAK	55	BVTYP	PartnerBankType	Partner Bank Type	BVTYP		CHAR	4	0	VARCHAR(4)
BSAK	56	REBZG	NumOfTheInvoiceTheTranBelongsTo	Number of the Invoice the Transaction Belongs to	REBZG		CHAR	10	0	VARCHAR(10)
BSAK	57	REBZJ	FiscYearOfTheRelevantInvoiceForCreditMemo	Fiscal Year of the Relevant Invoice (for Credit Memo)	REBZJ		NUMC	4	0	INT
BSAK	58	REBZZ	LineItemInTheRelevantInvoice	Line Item in the Relevant Invoice	REBZZ		NUMC	3	0	INT
BSAK	59	SAMNR	InvoiceListNum	Invoice List Number	SAMNR		NUMC	8	0	INT
BSAK	60	ZOLLT	CustomsTariffNum	Customs Tariff Number	DZOLLT		CHAR	8	0	VARCHAR(8)
BSAK	61	ZOLLD	CustomsDate	Customs Date	DZOLLD		DATS	8	0	DATE
BSAK	62	LZBKZ	StateCentralBankInd	State Central Bank Indicator	LZBKZ		CHAR	3	0	VARCHAR(3)
BSAK	63	LANDL	SupplyingCountry	Supplying Country	LANDL		CHAR	3	0	VARCHAR(3)
BSAK	64	DIEKZ	ServiceIndForeignPay	Service Indicator (Foreign Payment)	DIEKZ		CHAR	1	0	VARCHAR(1)
BSAK	65	MANSP	DunnBlock	Dunning block	MANSP		CHAR	1	0	VARCHAR(1)
BSAK	66	MSCHL	DunnKey	Dunning key	MSCHL		CHAR	1	0	VARCHAR(1)
BSAK	67	MADAT	LastDunnedOn	Last dunned on	MADAT		DATS	8	0	DATE
BSAK	68	MANST	DunnLevel	Dunning level	MAHNS_D		NUMC	1	0	INT
BSAK	69	MABER	DunnArea	Dunning Area	MABER		CHAR	2	0	VARCHAR(2)
BSAK	70	XNETB	IndDocPostedNet	Indicator: Document posted net ?	XNETB		CHAR	1	0	VARCHAR(1)
BSAK	71	XANET	IndDownPayInNetProcedure	Indicator: Down payment in net procedure ?	XANET		CHAR	1	0	VARCHAR(1)
BSAK	72	XCPDD	IndAddressAndBankDataSetIndividually	Indicator: Address and bank data set individually	XCPDD		CHAR	1	0	VARCHAR(1)
BSAK	73	XESRD	IndIsAnyIsrDataSetInTheDoc	Indicator: Is any ISR data set in the document ?	XESRD		CHAR	1	0	VARCHAR(1)
BSAK	74	XZAHL	IndIsThePostingKeyUsedInAPayTran	Indicator: Is the posting key used in a payment transaction?	XZAHL		CHAR	1	0	VARCHAR(1)
BSAK	75	MWSK1	TaxCodeForDist	Tax Code for Distribution	MWSKX		CHAR	2	0	VARCHAR(2)
BSAK	76	DMBT1	AmtInLocalCurrForTaxDist	Amount in Local Currency for Tax Distribution	DMBTX		CURR	13	2	DECIMAL(13,2)
BSAK	77	WRBT1	AmtInForeignCurrForTaxBreakdown	Amount in foreign currency for tax breakdown	WRBTX		CURR	13	2	DECIMAL(13,2)
BSAK	78	MWSK2	TaxCodeForDist	Tax Code for Distribution	MWSKX		CHAR	2	0	VARCHAR(2)
BSAK	79	DMBT2	AmtInLocalCurrForTaxDist	Amount in Local Currency for Tax Distribution	DMBTX		CURR	13	2	DECIMAL(13,2)
BSAK	80	WRBT2	AmtInForeignCurrForTaxBreakdown	Amount in foreign currency for tax breakdown	WRBTX		CURR	13	2	DECIMAL(13,2)
BSAK	81	MWSK3	TaxCodeForDist	Tax Code for Distribution	MWSKX		CHAR	2	0	VARCHAR(2)
BSAK	82	DMBT3	AmtInLocalCurrForTaxDist	Amount in Local Currency for Tax Distribution	DMBTX		CURR	13	2	DECIMAL(13,2)
BSAK	83	WRBT3	AmtInForeignCurrForTaxBreakdown	Amount in foreign currency for tax breakdown	WRBTX		CURR	13	2	DECIMAL(13,2)
BSAK	84	QSSKZ	WhTaxCode	Withholding Tax Code	QSSKZ		CHAR	2	0	VARCHAR(2)
BSAK	85	QSSHB	WhTaxBaseAmt	Withholding Tax Base Amount	QSSHB		CURR	13	2	DECIMAL(13,2)
BSAK	86	QBSHB	WhTaxAmtInDocCurr	Withholding Tax Amount (in Document Currency)	QBSHB		CURR	13	2	DECIMAL(13,2)
BSAK	87	BSTAT	DocStatus	Document Status	BSTAT_D		CHAR	1	0	VARCHAR(1)
BSAK	88	ANFBN	DocNumOfTheBillOfExchPayRequest	Document Number of the Bill of Exchange Payment Request	ANFBN		CHAR	10	0	VARCHAR(10)
BSAK	89	ANFBJ	FiscYearOfTheBillOfExchPayRequestDoc	Fiscal Year of the Bill of Exchange Payment Request Document	ANFBJ		NUMC	4	0	INT
BSAK	90	ANFBU	CompCodeInWhichBillOfExchPayRequestIsPosted	Company Code in Which Bill of Exch.Payment Request Is Posted	ANFBU		CHAR	4	0	VARCHAR(4)
BSAK	91	VBUND	CompanyIdOfTradingPartner	Company ID of trading partner	RASSC		CHAR	6	0	VARCHAR(6)
BSAK	92	REBZT	FollowOnDocType	Follow-On Document Type	REBZT		CHAR	1	0	VARCHAR(1)
BSAK	93	STCEG	VatRegistrationNum	VAT Registration Number	STCEG		CHAR	20	0	VARCHAR(20)
BSAK	94	EGBLD	CountryOfDestinationForDeliveryOfGoods	Country of Destination for Delivery of Goods	EGBLD		CHAR	3	0	VARCHAR(3)
BSAK	95	EGLLD	SupplyingCountryForDeliveryOfGoods	Supplying Country for Delivery of Goods	EGLLD		CHAR	3	0	VARCHAR(3)
BSAK	96	QSZNR	CertificateNumOfTheWhTaxExemption	Certificate Number of the Withholding Tax Exemption	QSZNR		CHAR	10	0	VARCHAR(10)
BSAK	97	QSFBT	WhTaxExemptAmtInDocCurr	Withholding Tax-Exempt Amount (in Document Currency)	QSFBT		CURR	13	2	DECIMAL(13,2)
BSAK	98	XINVE	IndCapitalGoodsAffected	Indicator: Capital Goods Affected?	XINVE		CHAR	1	0	VARCHAR(1)
BSAK	99	PROJK	WBSElementWbsElement	Work Breakdown Structure Element (WBS Element)	PS_PSP_PNR		NUMC	8	0	INT
BSAK	100	FIPOS	CommitmentItem	Commitment Item	FIPOS		CHAR	14	0	VARCHAR(14)
BSAK	101	NPLNR	NetworkNumForAcctAssign	Network Number for Account Assignment	NPLNR		CHAR	12	0	VARCHAR(12)
BSAK	102	AUFPL	RoutingNumOfOperationsInTheOrder	Routing number of operations in the order	CO_AUFPL		NUMC	10	0	INT
BSAK	103	APLZL	InternalCounter	Internal counter	CIM_COUNT		NUMC	8	0	INT
BSAK	104	XEGDR	IndTriangularDealWithinTheEu	Indicator: Triangular deal within the EU ?	XEGDR		CHAR	1	0	VARCHAR(1)
BSAK	105	DMBE2	AmtInScndLocalCurr	Amount in Second Local Currency	DMBE2		CURR	13	2	DECIMAL(13,2)
BSAK	106	DMBE3	AmtInThirdLocalCurr	Amount in Third Local Currency	DMBE3		CURR	13	2	DECIMAL(13,2)
BSAK	107	DMB21	AmtInScndLocalCurrForTaxBreakdown1	Amount in Second Local Currency for Tax Breakdown	DMB2X		CURR	13	2	DECIMAL(13,2)
BSAK	108	DMB22	AmtInScndLocalCurrForTaxBreakdown2	Amount in Second Local Currency for Tax Breakdown	DMB2X		CURR	13	2	DECIMAL(13,2)
BSAK	109	DMB23	AmtInScndLocalCurrForTaxBreakdown3	Amount in Second Local Currency for Tax Breakdown	DMB2X		CURR	13	2	DECIMAL(13,2)
BSAK	110	DMB31	AmtInThirdLocalCurrForTaxBreakdown1	Amount in Third Local Currency for Tax Breakdown	DMB3X		CURR	13	2	DECIMAL(13,2)
BSAK	111	DMB32	AmtInThirdLocalCurrForTaxBreakdown2	Amount in Third Local Currency for Tax Breakdown	DMB3X		CURR	13	2	DECIMAL(13,2)
BSAK	112	DMB33	AmtInThirdLocalCurrForTaxBreakdown3	Amount in Third Local Currency for Tax Breakdown	DMB3X		CURR	13	2	DECIMAL(13,2)
BSAK	113	MWST2	TaxAmtInScndLocalCurr	Tax Amount in Second Local Currency	MWST2		CURR	13	2	DECIMAL(13,2)
BSAK	114	MWST3	TaxAmtInThirdLocalCurr	Tax Amount in Third Local Currency	MWST3		CURR	13	2	DECIMAL(13,2)
BSAK	115	SKNT2	CashDiscAmtInScndLocalCurr	Cash Discount Amount in Second Local Currency	SKNT2		CURR	13	2	DECIMAL(13,2)
BSAK	116	SKNT3	CashDiscAmtInThirdLocalCurr	Cash Discount Amount in Third Local Currency	SKNT3		CURR	13	2	DECIMAL(13,2)
BSAK	117	BDIF3	ValDiffForTheThirdLocalCurr	Valuation Difference for the Third Local Currency	BDIF3		CURR	13	2	DECIMAL(13,2)
BSAK	118	XRAGL	IndClearingWasReversed	Indicator: Clearing was Reversed	XRAGL		CHAR	1	0	VARCHAR(1)
BSAK	119	RSTGR	ReasonCodeForPays	Reason Code for Payments	RSTGR		CHAR	3	0	VARCHAR(3)
BSAK	120	UZAWE	PayMethodSupplement	Payment Method Supplement	UZAWE	T042F	CHAR	2	0	VARCHAR(2)
BSAK	121	KOSTL	CostCenter	Cost Center	KOSTL		CHAR	10	0	VARCHAR(10)
BSAK	122	LNRAN	SequenceNumOfAssetLineItemsInFiscYear	Sequence number of asset line items in fiscal year	LNRAN	ANEK	NUMC	5	0	INT
BSAK	123	XSTOV	IndDocIsFlaggedForReversal	Indicator: Document is flagged for reversal	XSTOV		CHAR	1	0	VARCHAR(1)
BSAK	124	KZBTR	OriginalReductionAmtInLocalCurr	Original Reduction Amount in Local Currency	KZBTR_FI		CURR	13	2	DECIMAL(13,2)
BSAK	125	XREF1	BusinessPartnerReferenceKey	Business partner reference key	XREF1		CHAR	12	0	VARCHAR(12)
BSAK	126	XREF2	BusinessPartnerReferenceKey	Business partner reference key	XREF2		CHAR	12	0	VARCHAR(12)
BSAK	127	XARCH	IndDocAlreadyArchived	Indicator: Document already archived ?	XARCH		CHAR	1	0	VARCHAR(1)
BSAK	128	PSWSL	UpdateCurrForGeneralLedgerTranFigures	Update Currency for General Ledger Transaction Figures	PSWSL	TCURC	CUKY	5	0	VARCHAR(5)
BSAK	129	PSWBT	AmtForUpdatingInGeneralLedger	Amount for Updating in General Ledger	PSWBT		CURR	13	2	DECIMAL(13,2)
BSAK	130	IMKEY	InternalKeyForRealEstateObject	Internal Key for Real Estate Object	IMKEY		CHAR	8	0	VARCHAR(8)
BSAK	131	ZEKKN	SequentialNumOfAcctAssign	Sequential Number of Account Assignment	DZEKKN		NUMC	2	0	INT
BSAK	132	FISTL	FundsCenter	Funds Center	FISTL		CHAR	16	0	VARCHAR(16)
BSAK	133	GEBER	Fund	Fund	BP_GEBER		CHAR	10	0	VARCHAR(10)
BSAK	134	DABRZ	ReferenceDateForSettlement	Reference Date for Settlement	DABRBEZ		DATS	8	0	DATE
BSAK	135	XNEGP	IndNegativePosting	Indicator: Negative posting	XNEGP		CHAR	1	0	VARCHAR(1)
BSAK	136	EMPFB	PayeePayer	Payee/Payer	EMPFB		CHAR	10	0	VARCHAR(10)
BSAK	137	PRCTR	ProfitCenter	Profit Center	PRCTR		CHAR	10	0	VARCHAR(10)
BSAK	138	XREF3	ReferenceKeyForLineItem	Reference key for line item	XREF3		CHAR	20	0	VARCHAR(20)
BSAK	139	DTWS1	InstructionKey1	Instruction key 1	DTAT16		NUMC	2	0	INT
BSAK	140	DTWS2	InstructionKey2	Instruction key 2	DTAT17		NUMC	2	0	INT
BSAK	141	DTWS3	InstructionKey3	Instruction key 3	DTAT18		NUMC	2	0	INT
BSAK	142	DTWS4	InstructionKey4	Instruction key 4	DTAT19		NUMC	2	0	INT
BSAK	143	XPYPR	IndItemsFromPayProgramBlocked	Indicator: Items from Payment Program Blocked	XPYPR		CHAR	1	0	VARCHAR(1)
BSAK	144	KIDNO	PayReference	Payment Reference	KIDNO		CHAR	30	0	VARCHAR(30)
BSAK	145	PYCUR	CurrForAutomaticPay	Currency for Automatic Payment	PYCUR		CUKY	5	0	VARCHAR(5)
BSAK	146	PYAMT	AmtInPayCurr	Amount in Payment Currency	PYAMT		CURR	13	2	DECIMAL(13,2)
BSAK	147	BUPLA	BusinessPlace	Business Place	BUPLA		CHAR	4	0	VARCHAR(4)
BSAK	148	SECCO	SectionCode	Section Code	SECCO		CHAR	4	0	VARCHAR(4)
BSAK	149	PPDIFF	RealizedExchRateGainLoss1LocCurrPartPays	Realized Exchange Rate Gain/Loss 1.Loc.Curr.(Part Payments)	PPDIFF		CURR	13	2	DECIMAL(13,2)
BSAK	150	PPDIF2	RealizedExchRateGainLoss2LocCurrPartPays	Realized Exchange Rate Gain/Loss 2.Loc. Curr.(Part Payments)	PPDIF2		CURR	13	2	DECIMAL(13,2)
BSAK	151	PPDIF3	RealizedExchRateGainLoss3LocCurrPartPays	Realized Exchange Rate Gain/Loss 3.Loc.Curr.(Part Payments)	PPDIF3		CURR	13	2	DECIMAL(13,2)
BSAK	152	PENLC1	PenaltyChargeAmtInFirstLocalCurr	Penalty charge amount in first local currency	PENALTY1		CURR	13	2	DECIMAL(13,2)
BSAK	153	PENLC2	PenaltyChargeAmtInScndLocalCurr	Penalty charge amount in second local currency	PENALTY2		CURR	13	2	DECIMAL(13,2)
BSAK	154	PENLC3	PenaltyChargeAmtInThirdLocalCurr	Penalty Charge Amount in Third Local Currency	PENALTY3		CURR	13	2	DECIMAL(13,2)
BSAK	155	PENFC	PenaltyChargeAmtInDocCurr	Penalty charge amount in document currency	PENALTY		CURR	13	2	DECIMAL(13,2)
BSAK	156	PENDAYS	NumOfDaysForPenaltyChargeCalc	Number of days for penalty charge calculation	PDAYS		INT4	10	0	VARCHAR(100)
BSAK	157	PENRC	ReasonForLatePay	Reason for late payment	PENRC		CHAR	2	0	VARCHAR(2)
BSAK	158	VERTT	ContractType	Contract Type	RANTYP		CHAR	1	0	VARCHAR(1)
BSAK	159	VERTN	ContractNum	Contract Number	RANL		CHAR	13	0	VARCHAR(13)
BSAK	160	VBEWA	FlowType	Flow Type	SBEWART		CHAR	4	0	VARCHAR(4)
BSAK	161	KBLNR	DocNumForEarmarkedFunds	Document Number for Earmarked Funds	KBLNR_FI		CHAR	10	0	VARCHAR(10)
BSAK	162	KBLPOS	EarmarkedFundsDocItem	Earmarked Funds: Document Item	KBLPOS		NUMC	3	0	INT
BSAK	163	GRANT_NBR	Grant	Grant	GM_GRANT_NBR		CHAR	20	0	VARCHAR(20)
BSAK	164	GMVKZ	ItemIsInExecution	Item is in Execution	FM_GMVKZ		CHAR	1	0	VARCHAR(1)
BSAK	165	SRTYPE	TypeOfAdditionalReceivable	Type of Additional Receivable	FM_SRTYPE		CHAR	2	0	VARCHAR(2)
BSAK	166	LOTKZ	LotNumForRequests	Lot Number for Requests	PSO_LOTKZ		CHAR	10	0	VARCHAR(10)
BSAK	167	ZINKZ	ExemptedFromInterestCalc	Exempted from interest calculation	DZINKZ		CHAR	2	0	VARCHAR(2)
BSAK	168	FKBER	FunctionalArea	Functional Area	FKBER		CHAR	16	0	VARCHAR(16)
BSAK	169	INTRENO	InternalRealEstateMasterDataCode	Internal Real Estate Master Data Code	VVINTRENO		CHAR	13	0	VARCHAR(13)
BSAK	170	PPRCT	PartnerProfitCenter	Partner Profit Center	PPRCTR		CHAR	10	0	VARCHAR(10)
BSAK	171	BUZID	IdentificationOfTheLineItem	Identification of the Line Item	BUZID		CHAR	1	0	VARCHAR(1)
BSAK	172	AUGGJ	FiscYearOfClearingDoc	Fiscal Year of Clearing Document	AUGGJ		NUMC	4	0	INT
BSAK	173	HKTID	IdForAcctDetails	ID for account details	HKTID		CHAR	5	0	VARCHAR(5)
BSAK	174	BUDGET_PD	FmBudgetPeriod	FM: Budget Period	FM_BUDGET_PERIOD		CHAR	10	0	VARCHAR(10)
BSAK	175	KONTT	AcctAssignCategoryForIndustrySolution	Account Assignment Category for Industry Solution	KONTT_FI		CHAR	2	0	VARCHAR(2)
BSAK	176	KONTL	AcctAssignStringForIndustrySpecificAcctAssignmnts	Acct assignment string for industry-specific acct assignmnts	KONTL_FI		CHAR	50	0	VARCHAR(50)
BSAK	177	UEBGDAT	TransferDateOfAnItemToLegalDunnProceeding	Transfer date of an item to legal dunning proceeding	UEBGDAT		DATS	8	0	DATE
BSAK	178	VNAME	JointVenture	Joint Venture	JV_NAME	T8JV	CHAR	6	0	VARCHAR(6)
BSAK	179	EGRUP	EquityGroup	Equity group	JV_EGROUP	T8JF	CHAR	3	0	VARCHAR(3)
BSAK	180	BTYPE	PayrollType	Payroll Type	JV_BILIND	T8JA	CHAR	2	0	VARCHAR(2)
BSAK	181	OIEXGNUM	ExchAgreementNum	Exchange agreement number	OIA_EXGNUM		CHAR	10	0	VARCHAR(10)
BSAK	182	OINETCYC	NettingCycleFiBlockingInd	Netting cycle (FI blocking indicator)	OIA_NETCYC		CHAR	1	0	VARCHAR(1)
BSAK	183	OIEXGTYP	ExchType	Exchange type	OIA_EXGTYP		CHAR	4	0	VARCHAR(4)
BSAK	184	PROPMANO	MandateOpeningContract	 Mandate-Opening Contract	REHORECNNRM		CHAR	13	0	VARCHAR(13)
BSIK	1	MANDT	Client	Client			CLNT	3	0	VARCHAR(3)
BSIK	2	BUKRS	CompCode	Company Code	LFB1		CHAR	4	0	VARCHAR(4)
BSIK	3	LIFNR	AcctNumOfVendor	Account Number of Vendor or Creditor	LFA1		CHAR	10	0	VARCHAR(10)
BSIK	4	UMSKS	SpclGLTranType	Special G/L Transaction Type			CHAR	1	0	VARCHAR(1)
BSIK	5	UMSKZ	SpclGLInd	Special G/L Indicator	T074U		CHAR	1	0	VARCHAR(1)
BSIK	6	AUGDT	ClearingDate	Clearing Date			DATS	8	0	DATE
BSIK	7	AUGBL	ClearDoc	Document Number of the Clearing Document			CHAR	10	0	VARCHAR(10)
BSIK	8	ZUONR	AssignNum	Assignment Number			CHAR	18	0	VARCHAR(18)
BSIK	9	GJAHR	FiscYear	Fiscal Year			NUMC	4	0	INT
BSIK	10	BELNR	AcctDoc	Accounting Document Number			CHAR	10	0	VARCHAR(10)
BSIK	11	BUZEI	LineNum	Number of Line Item Within Accounting Document			NUMC	3	0	INT
BSIK	12	BUDAT	PostDate	Posting Date in the Document			DATS	8	0	DATE
BSIK	13	BLDAT	DocDate	Document Date in Document			DATS	8	0	DATE
BSIK	14	CPUDT	EntDate	Day On Which Accounting Document Was Entered			DATS	8	0	DATE
BSIK	15	WAERS	CurrKey	Currency Key	TCURC		CUKY	5	0	VARCHAR(5)
BSIK	16	XBLNR	Invoice	Reference Document Number			CHAR	16	0	VARCHAR(16)
BSIK	17	BLART	DocType	Document Type	T003		CHAR	2	0	VARCHAR(2)
BSIK	18	MONAT	FiscPeriod	Fiscal Period			NUMC	2	0	INT
BSIK	19	BSCHL	PostingKey	Posting Key	TBSL		CHAR	2	0	VARCHAR(2)
BSIK	20	ZUMSK	TargSpclGlInd	Target Special G/L Indicator			CHAR	1	0	VARCHAR(1)
BSIK	21	SHKZG	DebitCreditInd	Debit/Credit Indicator			CHAR	1	0	VARCHAR(1)
BSIK	22	GSBER	BusinessArea	Business Area	TGSB		CHAR	4	0	VARCHAR(4)
BSIK	23	MWSKZ	TaxOnSalesPurchCode	Tax on sales/purchases code	T007A		CHAR	2	0	VARCHAR(2)
BSIK	24	DMBTR	AmtInLocalCurr	Amount in Local Currency			CURR	13	2	DECIMAL(13,2)
BSIK	25	WRBTR	AmtInDocCurr	Amount in document currency			CURR	13	2	DECIMAL(13,2)
BSIK	26	MWSTS	TaxAmtInLocalCurr	Tax Amount in Local Currency			CURR	13	2	DECIMAL(13,2)
BSIK	27	WMWST	TaxAmtInDocCurr	Tax amount in document currency			CURR	13	2	DECIMAL(13,2)
BSIK	28	BDIFF	ValDiff	Valuation Difference			CURR	13	2	DECIMAL(13,2)
BSIK	29	BDIF2	ValDiffForTheScndLocalCurr	Valuation Difference for the Second Local Currency			CURR	13	2	DECIMAL(13,2)
BSIK	30	SGTXT	ItemText	Item Text			CHAR	50	0	VARCHAR(50)
BSIK	31	PROJN	OldProjectNum	Old: Project number : No longer used --> PS_POSNR			CHAR	16	0	VARCHAR(16)
BSIK	32	AUFNR	OrderNum	Order Number	AUFK		CHAR	12	0	VARCHAR(12)
BSIK	33	ANLN1	MainAssetNum	Main Asset Number			CHAR	12	0	VARCHAR(12)
BSIK	34	ANLN2	AssetSubNum	Asset Subnumber			CHAR	4	0	VARCHAR(4)
BSIK	35	EBELN	PurchDocNum	Purchasing Document Number			CHAR	10	0	VARCHAR(10)
BSIK	36	EBELP	ItemNumOfPurchDoc	Item Number of Purchasing Document			NUMC	5	0	INT
BSIK	37	SAKNR	GLAcctNum	G/L Account Number			CHAR	10	0	VARCHAR(10)
BSIK	38	HKONT	GeneralLedgerAcct	General Ledger Account			CHAR	10	0	VARCHAR(10)
BSIK	39	FKONT	FinancialBudgetItem	Financial Budget Item			NUMC	3	0	INT
BSIK	40	FILKD	AcctNumOfTheBranch	Account Number of the Branch			CHAR	10	0	VARCHAR(10)
BSIK	41	ZFBDT	BaselineDateForDueDateCalc	Baseline Date for Due Date Calculation			DATS	8	0	DATE
BSIK	42	ZTERM	TermsOfPayKey	Terms of Payment Key			CHAR	4	0	VARCHAR(4)
BSIK	43	ZBD1T	CashDiscDays1	Cash discount days 1			DEC	3	0	VARCHAR(100)
BSIK	44	ZBD2T	CashDiscDays2	Cash discount days 2			DEC	3	0	VARCHAR(100)
BSIK	45	ZBD3T	NetPayTermsPeriod	Net Payment Terms Period			DEC	3	0	VARCHAR(100)
BSIK	46	ZBD1P	CashDiscPercentage1	Cash Discount Percentage 1			DEC	5	3	VARCHAR(100)
BSIK	47	ZBD2P	CashDiscPercentage2	Cash Discount Percentage 2			DEC	5	3	VARCHAR(100)
BSIK	48	SKFBT	AmtEligibleForCashDiscInDocCurr	Amount Eligible for Cash Discount in Document Currency			CURR	13	2	DECIMAL(13,2)
BSIK	49	SKNTO	CashDiscAmtInLocalCurr	Cash discount amount in local currency			CURR	13	2	DECIMAL(13,2)
BSIK	50	WSKTO	CashDiscAmtInDocCurr	Cash discount amount in document currency			CURR	13	2	DECIMAL(13,2)
BSIK	51	ZLSCH	PayMethod	Payment Method	T042Z		CHAR	1	0	VARCHAR(1)
BSIK	52	ZLSPR	PayBlockKey	Payment Block Key	T008		CHAR	1	0	VARCHAR(1)
BSIK	53	ZBFIX	FixedPayTerms	Fixed Payment Terms			CHAR	1	0	VARCHAR(1)
BSIK	54	HBKID	ShortKeyForAHouseBank	Short Key for a House Bank	T012		CHAR	5	0	VARCHAR(5)
BSIK	55	BVTYP	PartnerBankType	Partner Bank Type			CHAR	4	0	VARCHAR(4)
BSIK	56	REBZG	NumOfTheInvoiceTheTranBelongsTo	Number of the Invoice the Transaction Belongs to			CHAR	10	0	VARCHAR(10)
BSIK	57	REBZJ	FiscYearOfTheRelevantInvoiceForCreditMemo	Fiscal Year of the Relevant Invoice (for Credit Memo)			NUMC	4	0	INT
BSIK	58	REBZZ	LineItemInTheRelevantInvoice	Line Item in the Relevant Invoice			NUMC	3	0	INT
BSIK	59	SAMNR	InvoiceListNum	Invoice List Number			NUMC	8	0	INT
BSIK	60	ZOLLT	CustomsTariffNum	Customs Tariff Number			CHAR	8	0	VARCHAR(8)
BSIK	61	ZOLLD	CustomsDate	Customs Date			DATS	8	0	DATE
BSIK	62	LZBKZ	StateCentralBankInd	State Central Bank Indicator	T015L		CHAR	3	0	VARCHAR(3)
BSIK	63	LANDL	SupplyingCountry	Supplying Country	T005		CHAR	3	0	VARCHAR(3)
BSIK	64	DIEKZ	ServiceIndForeignPay	Service Indicator (Foreign Payment)			CHAR	1	0	VARCHAR(1)
BSIK	65	MANSP	DunnBlock	Dunning block	T040S		CHAR	1	0	VARCHAR(1)
BSIK	66	MSCHL	DunnKey	Dunning key	T040		CHAR	1	0	VARCHAR(1)
BSIK	67	MADAT	LastDunnedOn	Last dunned on			DATS	8	0	DATE
BSIK	68	MANST	DunnLevel	Dunning level			NUMC	1	0	INT
BSIK	69	MABER	DunnArea	Dunning Area			CHAR	2	0	VARCHAR(2)
BSIK	70	XNETB	IndDocPostedNet	Indicator: Document posted net ?			CHAR	1	0	VARCHAR(1)
BSIK	71	XANET	IndDownPayInNetProcedure	Indicator: Down payment in net procedure ?			CHAR	1	0	VARCHAR(1)
BSIK	72	XCPDD	IndAddressAndBankDataSetIndividually	Indicator: Address and bank data set individually			CHAR	1	0	VARCHAR(1)
BSIK	73	XESRD	IndIsAnyIsrDataSetInTheDoc	Indicator: Is any ISR data set in the document ?			CHAR	1	0	VARCHAR(1)
BSIK	74	XZAHL	IndIsThePostingKeyUsedInAPayTran	Indicator: Is the posting key used in a payment transaction?			CHAR	1	0	VARCHAR(1)
BSIK	75	MWSK1	TaxCodeForDist	Tax Code for Distribution			CHAR	2	0	VARCHAR(2)
BSIK	76	DMBT1	AmtInLocalCurrForTaxDist	Amount in Local Currency for Tax Distribution			CURR	13	2	DECIMAL(13,2)
BSIK	77	WRBT1	AmtInForeignCurrForTaxBreakdown	Amount in foreign currency for tax breakdown			CURR	13	2	DECIMAL(13,2)
BSIK	78	MWSK2	TaxCodeForDist	Tax Code for Distribution			CHAR	2	0	VARCHAR(2)
BSIK	79	DMBT2	AmtInLocalCurrForTaxDist	Amount in Local Currency for Tax Distribution			CURR	13	2	DECIMAL(13,2)
BSIK	80	WRBT2	AmtInForeignCurrForTaxBreakdown	Amount in foreign currency for tax breakdown			CURR	13	2	DECIMAL(13,2)
BSIK	81	MWSK3	TaxCodeForDist	Tax Code for Distribution			CHAR	2	0	VARCHAR(2)
BSIK	82	DMBT3	AmtInLocalCurrForTaxDist	Amount in Local Currency for Tax Distribution			CURR	13	2	DECIMAL(13,2)
BSIK	83	WRBT3	AmtInForeignCurrForTaxBreakdown	Amount in foreign currency for tax breakdown			CURR	13	2	DECIMAL(13,2)
BSIK	84	QSSKZ	WhTaxCode	Withholding Tax Code	T059Q		CHAR	2	0	VARCHAR(2)
BSIK	85	QSSHB	WhTaxBaseAmt	Withholding Tax Base Amount			CURR	13	2	DECIMAL(13,2)
BSIK	86	QBSHB	WhTaxAmtInDocCurr	Withholding Tax Amount (in Document Currency)			CURR	13	2	DECIMAL(13,2)
BSIK	87	BSTAT	DocStatus	Document Status			CHAR	1	0	VARCHAR(1)
BSIK	88	ANFBN	DocNumOfTheBillOfExchPayRequest	Document Number of the Bill of Exchange Payment Request			CHAR	10	0	VARCHAR(10)
BSIK	89	ANFBJ	FiscYearOfTheBillOfExchPayRequestDoc	Fiscal Year of the Bill of Exchange Payment Request Document			NUMC	4	0	INT
BSIK	90	ANFBU	CompCodeInWhichBillOfExchPayRequestIsPosted	Company Code in Which Bill of Exch.Payment Request Is Posted	T001		CHAR	4	0	VARCHAR(4)
BSIK	91	VBUND	CompanyIdOfTradingPartner	Company ID of trading partner	T880		CHAR	6	0	VARCHAR(6)
BSIK	92	REBZT	FollowOnDocType	Follow-On Document Type			CHAR	1	0	VARCHAR(1)
BSIK	93	STCEG	VatRegistrationNum	VAT Registration Number			CHAR	20	0	VARCHAR(20)
BSIK	94	EGBLD	CountryOfDestinationForDeliveryOfGoods	Country of Destination for Delivery of Goods	T005		CHAR	3	0	VARCHAR(3)
BSIK	95	EGLLD	SupplyingCountryForDeliveryOfGoods	Supplying Country for Delivery of Goods	T005		CHAR	3	0	VARCHAR(3)
BSIK	96	QSZNR	CertificateNumOfTheWhTaxExemption	Certificate Number of the Withholding Tax Exemption			CHAR	10	0	VARCHAR(10)
BSIK	97	QSFBT	WhTaxExemptAmtInDocCurr	Withholding Tax-Exempt Amount (in Document Currency)			CURR	13	2	DECIMAL(13,2)
BSIK	98	XINVE	IndCapitalGoodsAffected	Indicator: Capital Goods Affected?			CHAR	1	0	VARCHAR(1)
BSIK	99	PROJK	WBSElementWbsElement	Work Breakdown Structure Element (WBS Element)			NUMC	8	0	INT
BSIK	100	FIPOS	CommitmentItem	Commitment Item			CHAR	14	0	VARCHAR(14)
BSIK	101	NPLNR	NetworkNumForAcctAssign	Network Number for Account Assignment			CHAR	12	0	VARCHAR(12)
BSIK	102	AUFPL	RoutingNumOfOperationsInTheOrder	Routing number of operations in the order			NUMC	10	0	INT
BSIK	103	APLZL	InternalCounter	Internal counter			NUMC	8	0	INT
BSIK	104	XEGDR	IndTriangularDealWithinTheEu	Indicator: Triangular deal within the EU ?			CHAR	1	0	VARCHAR(1)
BSIK	105	DMBE2	AmtInScndLocalCurr	Amount in Second Local Currency			CURR	13	2	DECIMAL(13,2)
BSIK	106	DMBE3	AmtInThirdLocalCurr	Amount in Third Local Currency			CURR	13	2	DECIMAL(13,2)
BSIK	107	DMB21	AmtInScndLocalCurrForTaxBreakdown1	Amount in Second Local Currency for Tax Breakdown			CURR	13	2	DECIMAL(13,2)
BSIK	108	DMB22	AmtInScndLocalCurrForTaxBreakdown2	Amount in Second Local Currency for Tax Breakdown			CURR	13	2	DECIMAL(13,2)
BSIK	109	DMB23	AmtInScndLocalCurrForTaxBreakdown3	Amount in Second Local Currency for Tax Breakdown			CURR	13	2	DECIMAL(13,2)
BSIK	110	DMB31	AmtInThirdLocalCurrForTaxBreakdown1	Amount in Third Local Currency for Tax Breakdown			CURR	13	2	DECIMAL(13,2)
BSIK	111	DMB32	AmtInThirdLocalCurrForTaxBreakdown2	Amount in Third Local Currency for Tax Breakdown			CURR	13	2	DECIMAL(13,2)
BSIK	112	DMB33	AmtInThirdLocalCurrForTaxBreakdown3	Amount in Third Local Currency for Tax Breakdown			CURR	13	2	DECIMAL(13,2)
BSIK	113	MWST2	TaxAmtInScndLocalCurr	Tax Amount in Second Local Currency			CURR	13	2	DECIMAL(13,2)
BSIK	114	MWST3	TaxAmtInThirdLocalCurr	Tax Amount in Third Local Currency			CURR	13	2	DECIMAL(13,2)
BSIK	115	SKNT2	CashDiscAmtInScndLocalCurr	Cash Discount Amount in Second Local Currency			CURR	13	2	DECIMAL(13,2)
BSIK	116	SKNT3	CashDiscAmtInThirdLocalCurr	Cash Discount Amount in Third Local Currency			CURR	13	2	DECIMAL(13,2)
BSIK	117	BDIF3	ValDiffForTheThirdLocalCurr	Valuation Difference for the Third Local Currency			CURR	13	2	DECIMAL(13,2)
BSIK	118	XRAGL	IndClearingWasReversed	Indicator: Clearing was Reversed			CHAR	1	0	VARCHAR(1)
BSIK	119	RSTGR	ReasonCodeForPays	Reason Code for Payments	T053R		CHAR	3	0	VARCHAR(3)
BSIK	120	UZAWE	PayMethodSupplement	Payment Method Supplement	T042F		CHAR	2	0	VARCHAR(2)
BSIK	121	KOSTL	CostCenter	Cost Center			CHAR	10	0	VARCHAR(10)
BSIK	122	LNRAN	SequenceNumOfAssetLineItemsInFiscYear	Sequence number of asset line items in fiscal year	ANEK		NUMC	5	0	INT
BSIK	123	XSTOV	IndDocIsFlaggedForReversal	Indicator: Document is flagged for reversal			CHAR	1	0	VARCHAR(1)
BSIK	124	KZBTR	OriginalReductionAmtInLocalCurr	Original Reduction Amount in Local Currency			CURR	13	2	DECIMAL(13,2)
BSIK	125	XREF1	BusinessPartnerReferenceKey	Business partner reference key			CHAR	12	0	VARCHAR(12)
BSIK	126	XREF2	BusinessPartnerReferenceKey	Business partner reference key			CHAR	12	0	VARCHAR(12)
BSIK	127	XARCH	IndDocAlreadyArchived	Indicator: Document already archived ?			CHAR	1	0	VARCHAR(1)
BSIK	128	PSWSL	UpdateCurrForGeneralLedgerTranFigures	Update Currency for General Ledger Transaction Figures	TCURC		CUKY	5	0	VARCHAR(5)
BSIK	129	PSWBT	AmtForUpdatingInGeneralLedger	Amount for Updating in General Ledger			CURR	13	2	DECIMAL(13,2)
BSIK	130	IMKEY	InternalKeyForRealEstateObject	Internal Key for Real Estate Object			CHAR	8	0	VARCHAR(8)
BSIK	131	ZEKKN	SequentialNumOfAcctAssign	Sequential Number of Account Assignment			NUMC	2	0	INT
BSIK	132	FISTL	FundsCenter	Funds Center			CHAR	16	0	VARCHAR(16)
BSIK	133	GEBER	Fund	Fund			CHAR	10	0	VARCHAR(10)
BSIK	134	DABRZ	ReferenceDateForSettlement	Reference Date for Settlement			DATS	8	0	DATE
BSIK	135	XNEGP	IndNegativePosting	Indicator: Negative posting			CHAR	1	0	VARCHAR(1)
BSIK	136	EMPFB	PayeePayer	Payee/Payer			CHAR	10	0	VARCHAR(10)
BSIK	137	PRCTR	ProfitCenter	Profit Center			CHAR	10	0	VARCHAR(10)
BSIK	138	XREF3	ReferenceKeyForLineItem	Reference key for line item			CHAR	20	0	VARCHAR(20)
BSIK	139	DTWS1	InstructionKey1	Instruction key 1			NUMC	2	0	INT
BSIK	140	DTWS2	InstructionKey2	Instruction key 2			NUMC	2	0	INT
BSIK	141	DTWS3	InstructionKey3	Instruction key 3			NUMC	2	0	INT
BSIK	142	DTWS4	InstructionKey4	Instruction key 4			NUMC	2	0	INT
BSIK	143	XPYPR	IndItemsFromPayProgramBlocked	Indicator: Items from Payment Program Blocked			CHAR	1	0	VARCHAR(1)
BSIK	144	KIDNO	PayReference	Payment Reference			CHAR	30	0	VARCHAR(30)
BSIK	145	PYCUR	CurrForAutomaticPay	Currency for Automatic Payment	TCURC		CUKY	5	0	VARCHAR(5)
BSIK	146	PYAMT	AmtInPayCurr	Amount in Payment Currency			CURR	13	2	DECIMAL(13,2)
BSIK	147	BUPLA	BusinessPlace	Business Place	J_1BBRANCH		CHAR	4	0	VARCHAR(4)
BSIK	148	SECCO	SectionCode	Section Code	SECCODE		CHAR	4	0	VARCHAR(4)
BSIK	149	PPDIFF	RealizedExchRateGainLoss1LocCurrPartPays	Realized Exchange Rate Gain/Loss 1.Loc.Curr.(Part Payments)			CURR	13	2	DECIMAL(13,2)
BSIK	150	PPDIF2	RealizedExchRateGainLoss2LocCurrPartPays	Realized Exchange Rate Gain/Loss 2.Loc. Curr.(Part Payments)			CURR	13	2	DECIMAL(13,2)
BSIK	151	PPDIF3	RealizedExchRateGainLoss3LocCurrPartPays	Realized Exchange Rate Gain/Loss 3.Loc.Curr.(Part Payments)			CURR	13	2	DECIMAL(13,2)
BSIK	152	PENLC1	PenaltyChargeAmtInFirstLocalCurr	Penalty charge amount in first local currency			CURR	13	2	DECIMAL(13,2)
BSIK	153	PENLC2	PenaltyChargeAmtInScndLocalCurr	Penalty charge amount in second local currency			CURR	13	2	DECIMAL(13,2)
BSIK	154	PENLC3	PenaltyChargeAmtInThirdLocalCurr	Penalty Charge Amount in Third Local Currency			CURR	13	2	DECIMAL(13,2)
BSIK	155	PENFC	PenaltyChargeAmtInDocCurr	Penalty charge amount in document currency			CURR	13	2	DECIMAL(13,2)
BSIK	156	PENDAYS	NumOfDaysForPenaltyChargeCalc	Number of days for penalty charge calculation			INT4	10	0	VARCHAR(100)
BSIK	157	PENRC	ReasonForLatePay	Reason for late payment			CHAR	2	0	VARCHAR(2)
BSIK	158	VERTT	ContractType	Contract Type			CHAR	1	0	VARCHAR(1)
BSIK	159	VERTN	ContractNum	Contract Number			CHAR	13	0	VARCHAR(13)
BSIK	160	VBEWA	FlowType	Flow Type			CHAR	4	0	VARCHAR(4)
BSIK	161	KBLNR	DocNumForEarmarkedFunds	Document Number for Earmarked Funds			CHAR	10	0	VARCHAR(10)
BSIK	162	KBLPOS	EarmarkedFundsDocItem	Earmarked Funds: Document Item			NUMC	3	0	INT
BSIK	163	GRANT_NBR	Grant	Grant			CHAR	20	0	VARCHAR(20)
BSIK	164	GMVKZ	ItemIsInExecution	Item is in Execution			CHAR	1	0	VARCHAR(1)
BSIK	165	SRTYPE	TypeOfAdditionalReceivable	Type of Additional Receivable			CHAR	2	0	VARCHAR(2)
BSIK	166	LOTKZ	LotNumForRequests	Lot Number for Requests			CHAR	10	0	VARCHAR(10)
BSIK	167	ZINKZ	ExemptedFromInterestCalc	Exempted from interest calculation			CHAR	2	0	VARCHAR(2)
BSIK	168	FKBER	FunctionalArea	Functional Area			CHAR	16	0	VARCHAR(16)
BSIK	169	INTRENO	InternalRealEstateMasterDataCode	Internal Real Estate Master Data Code			CHAR	13	0	VARCHAR(13)
BSIK	170	PPRCT	PartnerProfitCenter	Partner Profit Center			CHAR	10	0	VARCHAR(10)
BSIK	171	BUZID	IdentificationOfTheLineItem	Identification of the Line Item			CHAR	1	0	VARCHAR(1)
BSIK	172	AUGGJ	FiscYearOfClearingDoc	Fiscal Year of Clearing Document			NUMC	4	0	INT
BSIK	173	HKTID	IdForAcctDetails	ID for account details			CHAR	5	0	VARCHAR(5)
BSIK	174	BUDGET_PD	FmBudgetPeriod	FM: Budget Period			CHAR	10	0	VARCHAR(10)
BSIK	175	KONTT	AcctAssignCategoryForIndustrySolution	Account Assignment Category for Industry Solution			CHAR	2	0	VARCHAR(2)
BSIK	176	KONTL	AcctAssignStringForIndustrySpecificAcctAssignmnts	Acct assignment string for industry-specific acct assignmnts			CHAR	50	0	VARCHAR(50)
BSIK	177	UEBGDAT	TransferDateOfAnItemToLegalDunnProceeding	Transfer date of an item to legal dunning proceeding			DATS	8	0	DATE
BSIK	178	VNAME	JointVenture	Joint Venture	T8JV		CHAR	6	0	VARCHAR(6)
BSIK	179	EGRUP	EquityGroup	Equity group	T8JF		CHAR	3	0	VARCHAR(3)
BSIK	180	BTYPE	PayrollType	Payroll Type	T8JA		CHAR	2	0	VARCHAR(2)
BSIK	181	OIEXGNUM	ExchAgreementNum	Exchange agreement number			CHAR	10	0	VARCHAR(10)
BSIK	182	OINETCYC	NettingCycleFiBlockingInd	Netting cycle (FI blocking indicator)			CHAR	1	0	VARCHAR(1)
BSIK	183	OIEXGTYP	ExchType	Exchange type			CHAR	4	0	VARCHAR(4)
BSIK	184	PROPMANO	MandateOpeningContract	 Mandate-Opening Contract	REHORECNNRM		CHAR	13	0	VARCHAR(13)
BVOR	1	MANDT	Client	Client	MANDT	T000	CLNT	3	0	VARCHAR(3)
BVOR	2	BVORG	NumOfCrossCompCodePostingTran	Number of Cross-Company Code Posting Transaction	BVORG		CHAR	16	0	VARCHAR(16)
BVOR	3	BUKRS	CompCode	Company Code	BUKRS	T001	CHAR	4	0	VARCHAR(4)
BVOR	4	GJAHR	FiscYear	Fiscal Year	GJAHR		NUMC	4	0	INT
BVOR	5	BELNR	AcctDoc	Accounting Document Number	BELNR_D		CHAR	10	0	VARCHAR(10)
BVOR	6	XARCH	IndDocAlreadyArchived	Indicator: Document already archived ?	XARCH		CHAR	1	0	VARCHAR(1)
LFA1	1	MANDT	Client	Client	MANDT	T000	CLNT	3	0	VARCHAR(3)
LFA1	2	LIFNR	AcctNumOfVendor	Account Number of Vendor or Creditor	LIFNR		CHAR	10	0	VARCHAR(10)
LFA1	3	LAND1	CountryKey	Country Key	LAND1_GP	T005	CHAR	3	0	VARCHAR(3)
LFA1	4	NAME1	Name1	Name 1	NAME1_GP		CHAR	35	0	VARCHAR(35)
LFA1	5	NAME2	Name2	Name 2	NAME2_GP		CHAR	35	0	VARCHAR(35)
LFA1	6	NAME3	Name3	Name 3	NAME3_GP		CHAR	35	0	VARCHAR(35)
LFA1	7	NAME4	Name4	Name 4	NAME4_GP		CHAR	35	0	VARCHAR(35)
LFA1	8	ORT01	City	City	ORT01_GP		CHAR	35	0	VARCHAR(35)
LFA1	9	ORT02	District	District	ORT02_GP		CHAR	35	0	VARCHAR(35)
LFA1	10	PFACH	PoBox	PO Box	PFACH		CHAR	10	0	VARCHAR(10)
LFA1	11	PSTL2	POBoxPostalCode	P.O. Box Postal Code	PSTL2		CHAR	10	0	VARCHAR(10)
LFA1	12	PSTLZ	PostalCode	Postal Code	PSTLZ		CHAR	10	0	VARCHAR(10)
LFA1	13	REGIO	RegionStateProvinceCounty	Region (State  Province  County)	REGIO	T005S	CHAR	3	0	VARCHAR(3)
LFA1	14	SORTL	SortField	Sort field	SORTL		CHAR	10	0	VARCHAR(10)
LFA1	15	STRAS	HouseNumAndStreet	House number and street	STRAS_GP		CHAR	35	0	VARCHAR(35)
LFA1	16	ADRNR	Address	Address	ADRNR		CHAR	10	0	VARCHAR(10)
LFA1	17	MCOD1	SearchTermForMatchcodeSearch	Search term for matchcode search	MCDK1		CHAR	25	0	VARCHAR(25)
LFA1	18	MCOD2	SearchTermForMatchcodeSearch	Search term for matchcode search	MCDK2		CHAR	25	0	VARCHAR(25)
LFA1	19	MCOD3	SearchTermForMatchcodeSearch	Search term for matchcode search	MCDK3		CHAR	25	0	VARCHAR(25)
LFA1	20	ANRED	Title	Title	ANRED		CHAR	15	0	VARCHAR(15)
LFA1	21	BAHNS	TrainStation	Train station	BAHNS		CHAR	25	0	VARCHAR(25)
LFA1	22	BBBNR	InternationalLocationNumPart1	International location number (part 1)	BBBNR		NUMC	7	0	INT
LFA1	23	BBSNR	InternationalLocationNumPart2	International location number (Part 2)	BBSNR		NUMC	5	0	INT
LFA1	24	BEGRU	AuthorizationGroup	Authorization Group	BRGRU		CHAR	4	0	VARCHAR(4)
LFA1	25	BRSCH	IndustryKey	Industry key	BRSCH	T016	CHAR	4	0	VARCHAR(4)
LFA1	26	BUBKZ	CheckDigitForTheInternationalLocationNum	Check digit for the international location number	BUBKZ		NUMC	1	0	INT
LFA1	27	DATLT	DataCommunicationLineNo	Data communication line no.	DATLT		CHAR	14	0	VARCHAR(14)
LFA1	28	DTAMS	IndForDataMediumExch	Indicator for Data Medium Exchange	DTAMS		CHAR	1	0	VARCHAR(1)
LFA1	29	DTAWS	InstructionKeyForDataMediumExch	Instruction key for data medium exchange	DTAWS		CHAR	2	0	VARCHAR(2)
LFA1	30	ERDAT	DateOnWhichTheRecordWasCreated	Date on which the Record Was Created	ERDAT_RF		DATS	8	0	DATE
LFA1	31	ERNAM	NameOfPersonWhoCreatedTheObject	Name of Person who Created the Object	ERNAM_RF		CHAR	12	0	VARCHAR(12)
LFA1	32	ESRNR	IsrSubscriberNum	ISR Subscriber Number	ESRNR		CHAR	11	0	VARCHAR(11)
LFA1	33	KONZS	GroupKey	Group key	KONZS		CHAR	10	0	VARCHAR(10)
LFA1	34	KTOKK	VendorAcctGroup	Vendor account group	KTOKK	T077K	CHAR	4	0	VARCHAR(4)
LFA1	35	KUNNR	CustNum	Customer Number	KUNNR	KNA1	CHAR	10	0	VARCHAR(10)
LFA1	36	LNRZA	AcctNumOfTheAlternativePayee	Account Number of the Alternative Payee	LNRZA	LFA1	CHAR	10	0	VARCHAR(10)
LFA1	37	LOEVM	CentralDeletionFlagForMasterRecord	Central Deletion Flag for Master Record	LOEVM_X		CHAR	1	0	VARCHAR(1)
LFA1	38	SPERR	CentralPostingBlock	Central posting block	SPERB_X		CHAR	1	0	VARCHAR(1)
LFA1	39	SPERM	CentrallyImposedPurchBlock	Centrally imposed purchasing block	SPERM_X		CHAR	1	0	VARCHAR(1)
LFA1	40	SPRAS	LanguageKey	Language Key	SPRAS	T002	LANG	1	0	VARCHAR(100)
LFA1	41	STCD1	TaxNum1	Tax Number 1	STCD1		CHAR	16	0	VARCHAR(16)
LFA1	42	STCD2	TaxNum2	Tax Number 2	STCD2		CHAR	11	0	VARCHAR(11)
LFA1	43	STKZA	IndBusinessPartnerSubjectToEqualizationTax	Indicator: Business Partner Subject to Equalization Tax?	STKZA		CHAR	1	0	VARCHAR(1)
LFA1	44	STKZU	LiableForVat	Liable for VAT	STKZU		CHAR	1	0	VARCHAR(1)
LFA1	45	TELBX	TeleboxNum	Telebox number	TELBX		CHAR	15	0	VARCHAR(15)
LFA1	46	TELF1	FirstTelephoneNum	First telephone number	TELF1		CHAR	16	0	VARCHAR(16)
LFA1	47	TELF2	ScndTelephoneNum	Second telephone number	TELF2		CHAR	16	0	VARCHAR(16)
LFA1	48	TELFX	FaxNum	Fax Number	TELFX		CHAR	31	0	VARCHAR(31)
LFA1	49	TELTX	TeletexNum	Teletex number	TELTX		CHAR	30	0	VARCHAR(30)
LFA1	50	TELX1	TelexNum	Telex number	TELX1		CHAR	30	0	VARCHAR(30)
LFA1	51	XCPDK	IndIsTheAcctAOneTimeAcct	Indicator: Is the account a one-time account?	XCPDK		CHAR	1	0	VARCHAR(1)
LFA1	52	XZEMP	IndAlternativePayeeInDocAllowed	Indicator: Alternative payee in document allowed ?	XZEMP		CHAR	1	0	VARCHAR(1)
LFA1	53	VBUND	CompanyIdOfTradingPartner	Company ID of trading partner	RASSC	T880	CHAR	6	0	VARCHAR(6)
LFA1	54	FISKN	AcctNumOfTheMasterRecordWithFiscAddress	Account number of the master record with fiscal address	FISKN_K	LFA1	CHAR	10	0	VARCHAR(10)
LFA1	55	STCEG	VatRegistrationNum	VAT Registration Number	STCEG		CHAR	20	0	VARCHAR(20)
LFA1	56	STKZN	NaturalPerson	Natural Person	STKZN		CHAR	1	0	VARCHAR(1)
LFA1	57	SPERQ	FunctionThatWillBeBlocked	Function That Will Be Blocked	QSPERRFKT	TQ04A	CHAR	2	0	VARCHAR(2)
LFA1	58	GBORT	PlaceOfBirthOfThePersonSubjectToWhTax	Place of birth of the person subject to withholding tax	GBORT_Q		CHAR	25	0	VARCHAR(25)
LFA1	59	GBDAT	DateOfBirthOfThePersonSubjectToWhTax	Date of birth of the person subject to withholding tax	GBDAT_Q		DATS	8	0	DATE
LFA1	60	SEXKZ	KeyForTheSexOfThePersonSubjectToWhTax	Key for the Sex of the Person Subject to Withholding Tax	SEXKZ		CHAR	1	0	VARCHAR(1)
LFA1	61	KRAUS	CreditInformationNum	Credit information number	KRAUS_CM		CHAR	11	0	VARCHAR(11)
LFA1	62	REVDB	LastReviewExternal	Last review (external)	REVDB_CM		DATS	8	0	DATE
LFA1	63	QSSYS	VendorsQmSystem	Vendor's QM system	QSSYS_IST	TQ02B	CHAR	4	0	VARCHAR(4)
LFA1	64	KTOCK	ReferenceAcctGroupForOneTimeAcctVendor	Reference Account Group for One-Time Account (Vendor)	KTOCK	T077K	CHAR	4	0	VARCHAR(4)
LFA1	65	PFORT	PoBoxCity	PO Box city	PFORT_GP		CHAR	35	0	VARCHAR(35)
LFA1	66	WERKS	PlantOwnOrExternal	Plant (Own or External)	WERKS_EXT		CHAR	4	0	VARCHAR(4)
LFA1	67	LTSNA	IndVendorSubRangeRelevant	Indicator: vendor sub-range relevant	LTSNA		CHAR	1	0	VARCHAR(1)
LFA1	68	WERKR	IndPlantLevelRelevant	Indicator: plant level relevant	WERKR		CHAR	1	0	VARCHAR(1)
LFA1	69	PLKAL	FactoryCalendarKey	Factory calendar key	FABKL	TFACD	CHAR	2	0	VARCHAR(2)
LFA1	70	DUEFL	StatusOfDataTransferIntoSubsequentRelease	Status of Data Transfer into Subsequent Release	DUEFL_BKPF		CHAR	1	0	VARCHAR(1)
LFA1	71	TXJCD	TaxJurisdiction	Tax Jurisdiction	TXJCD	TTXJ	CHAR	15	0	VARCHAR(15)
LFA1	72	SPERZ	PayBlock	Payment Block	SPERZ		CHAR	1	0	VARCHAR(1)
LFA1	73	SCACD	StandardCarrierAccessCode	Standard carrier access code	SCACD		CHAR	4	0	VARCHAR(4)
LFA1	74	SFRGR	ForwardingAgentFreightGroup	Forwarding agent freight group	SFRGR	TSFG	CHAR	4	0	VARCHAR(4)
LFA1	75	LZONE	TransportationZoneToOrFromWhichTheGoodsAreDelivered	Transportation zone to or from which the goods are delivered	LZONE	TZONE	CHAR	10	0	VARCHAR(10)
LFA1	76	XLFZA	IndAlternativePayeeUsingAcctNum	Indicator: Alternative payee using account number	XLFZA		CHAR	1	0	VARCHAR(1)
LFA1	77	DLGRP	ServiceAgentProcedureGroup	Service agent procedure group	DLGRP	TVFCD	CHAR	4	0	VARCHAR(4)
LFA1	78	FITYP	TaxType	Tax type	J_1AFITP_D	J_1AFITP	CHAR	2	0	VARCHAR(2)
LFA1	79	STCDT	TaxNumType	Tax Number Type	J_1ATOID	J_1ATODC	CHAR	2	0	VARCHAR(2)
LFA1	80	REGSS	RegisteredForSocialInsurance	Registered for Social Insurance	J_1AREGSS		CHAR	1	0	VARCHAR(1)
LFA1	81	ACTSS	ActivityCodeForSocialInsurance	Activity Code for Social Insurance	J_1AACTSS	J_1AACT	CHAR	3	0	VARCHAR(3)
LFA1	82	STCD3	TaxNum3	Tax Number 3	STCD3		CHAR	18	0	VARCHAR(18)
LFA1	83	STCD4	TaxNum4	Tax Number 4	STCD4		CHAR	18	0	VARCHAR(18)
LFA1	84	STCD5	TaxNum5	Tax Number 5	STCD5		CHAR	60	0	VARCHAR(60)
LFA1	85	IPISP	TaxSplit	Tax Split	J_1BINDEQU		CHAR	1	0	VARCHAR(1)
LFA1	86	TAXBS	TaxBaseInPercentage	Tax Base in Percentage	TAXBS		NUMC	1	0	INT
LFA1	87	PROFS	Profession	Profession	PROFS		CHAR	30	0	VARCHAR(30)
LFA1	88	STGDL	ShipmentStatisticsGroupTransportationServiceAgent	Shipment: statistics group  transportation service agent	STGDL	VTSGD	CHAR	2	0	VARCHAR(2)
LFA1	89	EMNFR	ExternalManufacturerCodeNameOrNum	External manufacturer code name or number	EMNFR		CHAR	10	0	VARCHAR(10)
LFA1	90	LFURL	UniformResourceLocator	Uniform Resource Locator	URL		CHAR	132	0	VARCHAR(132)
LFA1	91	J_1KFREPRE	NameOfRepresentative	Name of Representative	REPRES		CHAR	10	0	VARCHAR(10)
LFA1	92	J_1KFTBUS	TypeOfBusiness	Type of Business	GESTYP	BUSTYPE	CHAR	30	0	VARCHAR(30)
LFA1	93	J_1KFTIND	TypeOfIndustry	Type of Industry	INDTYP	INDUSTYPE	CHAR	30	0	VARCHAR(30)
LFA1	94	CONFS	StatusOfChangeAuthorizationCentral	Status of Change Authorization (Central)	CONFS_X		CHAR	1	0	VARCHAR(1)
LFA1	95	UPDAT	DateOnWhichTheChangesWereConfirmed	Date on Which the Changes Were Confirmed	UPDAT_RF		DATS	8	0	DATE
LFA1	96	UPTIM	TimeOfLastChangeConfirmation	Time of Last Change Confirmation	UPTIM_RF		TIMS	6	0	VARCHAR(100)
LFA1	97	NODEL	CentralDeletionBlockForMasterRecord	Central deletion block for master record	NODEL_X		CHAR	1	0	VARCHAR(1)
LFA1	98	QSSYSDAT	ValidityDateOfCertification	Validity date of certification	QQSSYSDAT		DATS	8	0	DATE
LFA1	99	PODKZB	VendorIndRelevantForProofOfDelivery	Vendor indicator relevant for proof of delivery	PODKZB		CHAR	1	0	VARCHAR(1)
LFA1	100	FISKU	AcctNumOfMasterRecordOfTaxOfficeResponsible	Account Number of Master Record of Tax Office Responsible	FISKU	LFA1	CHAR	10	0	VARCHAR(10)
LFA1	101	STENR	TaxNumAtResponsibleTaxAuthority	Tax Number at Responsible Tax Authority	STENR		CHAR	18	0	VARCHAR(18)
LFA1	102	CARRIER_CONF	CarrierConfirmationIsExpected	Carrier confirmation is expected	/SPE/CARRIER_CNF		CHAR	1	0	VARCHAR(1)
LFA1	103	MIN_COMP	MicroCompanyInd	Micro company indicator	J_1BMICRO_COMP		CHAR	1	0	VARCHAR(1)
LFA1	104	TERM_LI	TermsOfLiability	Terms of Liability	J_1BTERMS_LIAB		CHAR	1	0	VARCHAR(1)
LFA1	105	CRC_NUM	CrcNum	CRC number	J_1BCRC_NUM		CHAR	25	0	VARCHAR(25)
LFA1	106	RG	RgNum	RG Number	J_1BRG		CHAR	11	0	VARCHAR(11)
LFA1	107	EXP	IssuedBy	Issued by	J_1BEXP		CHAR	3	0	VARCHAR(3)
LFA1	108	UF	State	State	J_1BUF		CHAR	2	0	VARCHAR(2)
LFA1	109	RGDATE	RgIssueDate	RG Issue Date	J_1BRGDATE		DATS	8	0	DATE
LFA1	110	RIC	RicNum	RIC Number	J_1BRIC		NUMC	11	0	INT
LFA1	111	RNE	ForeignNationalRegistration	Foreign National Registration	J_1BRNE		CHAR	10	0	VARCHAR(10)
LFA1	112	RNEDATE	RneIssueDate	RNE Issue Date	J_1BRNEDATE		DATS	8	0	DATE
LFA1	113	CNAE	Cnae	CNAE	J_1BCNAE	J_1BTCNAE	CHAR	7	0	VARCHAR(7)
LFA1	114	LEGALNAT	LegalNature	Legal Nature	J_1BLEGALNAT	J_1BTLEGALNAT	NUMC	4	0	INT
LFA1	115	CRTN	CrtNum	CRT Number	J_1BCRTN		CHAR	1	0	VARCHAR(1)
LFA1	116	ICMSTAXPAY	IcmsTaxpayer	ICMS Taxpayer	J_1BICMSTAXPAY	J_1BTICMSTAXPAY	CHAR	2	0	VARCHAR(2)
LFA1	117	INDTYP	IndustryMainType	Industry Main Type	J_1BINDTYP	J_1BTINDTYP	CHAR	2	0	VARCHAR(2)
LFA1	118	TDT	TaxDeclarationType	Tax Declaration Type	J_1BTDT	J_1BTTDT	CHAR	2	0	VARCHAR(2)
LFA1	119	COMSIZE	CompanySize	Company Size	J_1BCOMSIZE	J_1BTCOMSIZE	CHAR	2	0	VARCHAR(2)
LFA1	120	DECREGPC	DeclarationRegimenForPisCofins	Declaration Regimen for PIS/COFINS	J_1BDECREGPC	J_1BTDECREGPC	CHAR	2	0	VARCHAR(2)
LFA1	121	J_SC_CAPITAL	CapitalAmt	Capital Amount	/SAPNEA/J_SC_CAPITAL		CURR	15	2	DECIMAL(15,2)
LFA1	122	J_SC_CURRENCY	Curr	Currency	/SAPNEA/J_SC_CURRENCY	TCURC	CUKY	5	0	VARCHAR(5)
LFA1	123	ALC	AgencyLocationCode	Agency Location Code	FMFG_ALC	FMFGT_ALC	CHAR	8	0	VARCHAR(8)
LFA1	124	PMT_OFFICE	PayOffice	Payment Office	FMFG_PMT_OFF	FMFGT_PO	CHAR	5	0	VARCHAR(5)
LFA1	125	PPA_RELEVANT	VendorIsPpaRelevant	Vendor is PPA relevant	FMFG_PPA_RELEVANT		CHAR	1	0	VARCHAR(1)
LFA1	126	PSOFG	ProcessorGroup	Processor group	PSOFG	PSO19	CHAR	10	0	VARCHAR(10)
LFA1	127	PSOIS	SubledgerAcctPreprocessingProcedure	Subledger acct preprocessing procedure	PSOIS		CHAR	20	0	VARCHAR(20)
LFA1	128	PSON1	Name1	Name 1	NAME1_GP		CHAR	35	0	VARCHAR(35)
LFA1	129	PSON2	Name2	Name 2	NAME2_GP		CHAR	35	0	VARCHAR(35)
LFA1	130	PSON3	Name3	Name 3	NAME3_GP		CHAR	35	0	VARCHAR(35)
LFA1	131	PSOVN	FirstName	First Name	PSOVN		CHAR	35	0	VARCHAR(35)
LFA1	132	PSOTL	Title	Title	PSOTL		CHAR	20	0	VARCHAR(20)
LFA1	133	PSOHS	HouseNumIsNoLongerUsedFromRelease46B	House number: is no longer used from Release 4.6B	PSOHS		CHAR	6	0	VARCHAR(6)
LFA1	134	PSOST	StreetNoLongerUsedFromRelease46B	Street: No longer used from Release 4.6B	PSOST		CHAR	28	0	VARCHAR(28)
LFA1	135	ENTY_CD	EntityCode	Entity Code	OIU_ENTY_CD		CHAR	2	0	VARCHAR(2)
LFA1	136	RES_CNTRY	ResidentCountry	Resident Country	OIU_RES_CNTRY	T005	CHAR	3	0	VARCHAR(3)
LFA1	137	RES_REGION	RegionOfResidence	Region of Residence	OIU_RES_REGION	T005S	CHAR	3	0	VARCHAR(3)
LFA1	138	CCODE	CompCode	Company Code	BUKRS		CHAR	4	0	VARCHAR(4)
LFA1	139	TRANSPORT_CHAIN	TransportationChain	Transportation Chain	WRF_PSCD_TC_ID	WRF_PSCD_TCHAINH	CHAR	10	0	VARCHAR(10)
LFA1	140	STAGING_TIME	StagingTimeInDays	Staging Time in Days	WRF_PSCD_MST		DEC	3	0	VARCHAR(100)
LFA1	141	SCHEDULING_TYPE	SchedulingProcedure	Scheduling Procedure	WRF_PSCD_SCHED_TYPE		CHAR	1	0	VARCHAR(1)
LFA1	142	SUBMI_RELEVANT	CrossDockingRelevantForCollectiveNuming	Cross Docking: Relevant for Collective Numbering	WRF_SUBMI_RELEVANT		CHAR	1	0	VARCHAR(1)
LFB1	1	MANDT	Client	Client	MANDT	T000	CLNT	3	0	VARCHAR(3)
LFB1	2	LIFNR	AcctNumOfVendor	Account Number of Vendor or Creditor	LIFNR	LFA1	CHAR	10	0	VARCHAR(10)
LFB1	3	BUKRS	CompCode	Company Code	BUKRS	T001	CHAR	4	0	VARCHAR(4)
LFB1	4	PERNR	PersonnelNum	Personnel Number	PERNR_D		NUMC	8	0	INT
LFB1	5	ERDAT	DateOnWhichTheRecordWasCreated	Date on which the Record Was Created	ERDAT_RF		DATS	8	0	DATE
LFB1	6	ERNAM	NameOfPersonWhoCreatedTheObject	Name of Person who Created the Object	ERNAM_RF		CHAR	12	0	VARCHAR(12)
LFB1	7	SPERR	PostingBlockForCompCode	Posting block for company code	SPERB_B		CHAR	1	0	VARCHAR(1)
LFB1	8	LOEVM	DeletionFlagForMasterRecordCompCodeLevel	Deletion Flag for Master Record (Company Code Level)	LOEVM_B		CHAR	1	0	VARCHAR(1)
LFB1	9	ZUAWA	KeyForSortingAccordingToAssignNums	Key for sorting according to assignment numbers	DZUAWA	TZUN	CHAR	3	0	VARCHAR(3)
LFB1	10	AKONT	ReconciliationAcctInGeneralLedger	Reconciliation Account in General Ledger	AKONT	SKB1	CHAR	10	0	VARCHAR(10)
LFB1	11	BEGRU	AuthorizationGroup	Authorization Group	BRGRU		CHAR	4	0	VARCHAR(4)
LFB1	12	VZSKZ	InterestCalcInd	Interest calculation indicator	VZSKZ	T056	CHAR	2	0	VARCHAR(2)
LFB1	13	ZWELS	ListOfThePayMethodsToBeConsidered	List of the Payment Methods to be Considered	DZWELS		CHAR	10	0	VARCHAR(10)
LFB1	14	XVERR	IndClearingBetweenCustAndVendor	Indicator: Clearing between customer and vendor?	XVERR_LFB1		CHAR	1	0	VARCHAR(1)
LFB1	15	ZAHLS	BlockKeyForPay	Block Key for Payment	DZAHLS	T008	CHAR	1	0	VARCHAR(1)
LFB1	16	ZTERM	TermsOfPayKey	Terms of Payment Key	DZTERM		CHAR	4	0	VARCHAR(4)
LFB1	17	EIKTO	OurAcctNumWithTheVendor	Our account number with the vendor	EIKTO_K		CHAR	12	0	VARCHAR(12)
LFB1	18	ZSABE	ClerkAtVendor	Clerk at vendor	DZSABE_K		CHAR	15	0	VARCHAR(15)
LFB1	19	KVERM	Memo	Memo	KVERM		CHAR	30	0	VARCHAR(30)
LFB1	20	FDGRV	PlanningGroup	Planning group	FDGRV	T035	CHAR	10	0	VARCHAR(10)
LFB1	21	BUSAB	AcctingClerk	Accounting clerk	BUSAB	T001S	CHAR	2	0	VARCHAR(2)
LFB1	22	LNRZE	HeadOfficeAcctNum	Head office account number	LNRZE	LFA1	CHAR	10	0	VARCHAR(10)
LFB1	23	LNRZB	AcctNumOfTheAlternativePayee	Account number of the alternative payee	LNRZB	LFA1	CHAR	10	0	VARCHAR(10)
LFB1	24	ZINDT	KeyDateOfTheLastInterestCalc	Key date of the last interest calculation	DZINDT		DATS	8	0	DATE
LFB1	25	ZINRT	InterestCalcFrequencyInMonths	Interest calculation frequency in months	DZINRT		NUMC	2	0	INT
LFB1	26	DATLZ	DateOfTheLastInterestCalcRun	Date of the last interest calculation run	DATLZ		DATS	8	0	DATE
LFB1	27	XDEZV	IndLocalProcessing	Indicator: Local processing?	XDEZV		CHAR	1	0	VARCHAR(1)
LFB1	28	WEBTR	BillOfExchLimitInLocalCurr	Bill of exchange limit (in local currency)	WEBTR		CURR	13	2	DECIMAL(13,2)
LFB1	29	KULTG	ProbableTimeUntilCheckIsPaid	Probable time until check is paid	KULTG		DEC	3	0	VARCHAR(100)
LFB1	30	REPRF	CheckFlagForDoubleInvoicesOrCreditMemos	Check Flag for Double Invoices or Credit Memos	REPRF		CHAR	1	0	VARCHAR(1)
LFB1	31	TOGRU	ToleranceGroupForTheBusinessPartnerGLAcct	Tolerance group for the business partner/G/L account	TOGRU	T043G	CHAR	4	0	VARCHAR(4)
LFB1	32	HBKID	ShortKeyForAHouseBank	Short Key for a House Bank	HBKID	T012	CHAR	5	0	VARCHAR(5)
LFB1	33	XPORE	IndPayAllItemsSeparately	Indicator: Pay all items separately ?	XPORE		CHAR	1	0	VARCHAR(1)
LFB1	34	QSZNR	CertificateNumOfTheWhTaxExemption	Certificate Number of the Withholding Tax Exemption	QSZNR		CHAR	10	0	VARCHAR(10)
LFB1	35	QSZDT	ValidityDateForWhTaxExemptionCertificate	Validity Date for Withholding Tax Exemption Certificate	QSZDT		DATS	8	0	DATE
LFB1	36	QSSKZ	WhTaxCode	Withholding Tax Code	QSSKZ		CHAR	2	0	VARCHAR(2)
LFB1	37	BLNKZ	SubsidyIndForDeterminingTheReductionRates	Subsidy indicator for determining the reduction rates	BLNKZ		CHAR	2	0	VARCHAR(2)
LFB1	38	MINDK	MinorityInds	Minority Indicators	MINDK	T059M	CHAR	3	0	VARCHAR(3)
LFB1	39	ALTKN	PreviousMasterRecordNum	Previous Master Record Number	ALTKN		CHAR	10	0	VARCHAR(10)
LFB1	40	ZGRUP	KeyForPayGrouping	Key for Payment Grouping	DZGRUP	TZGR	CHAR	2	0	VARCHAR(2)
LFB1	41	MGRUP	KeyForDunnNoticeGrouping	Key for dunning notice grouping	MGRUP	T047R	CHAR	2	0	VARCHAR(2)
LFB1	42	UZAWE	PayMethodSupplement	Payment Method Supplement	UZAWE	T042F	CHAR	2	0	VARCHAR(2)
LFB1	43	QSREC	VendorRecipientType	Vendor Recipient Type	QSREC	T059A	CHAR	2	0	VARCHAR(2)
LFB1	44	QSBGR	AuthorityForExemptionFromWhTax	Authority for Exemption from Withholding Tax	QSBGR		CHAR	1	0	VARCHAR(1)
LFB1	45	QLAND	WhTaxCountryKey	Withholding Tax Country Key	QLAND	T005Q	CHAR	3	0	VARCHAR(3)
LFB1	46	XEDIP	IndSendPayAdvicesByEdi	Indicator: Send Payment Advices by EDI	XEDIP		CHAR	1	0	VARCHAR(1)
LFB1	47	FRGRP	ReleaseApprovalGroup	Release Approval Group	FRGRP	VBWF08	CHAR	4	0	VARCHAR(4)
LFB1	48	TOGRR	ToleranceGroupInvoiceVerification	Tolerance group; Invoice Verification	TOGRR	T169L	CHAR	4	0	VARCHAR(4)
LFB1	49	TLFXS	AcctingClerksFaxNumAtTheCustVendor	Accounting clerk's fax number at the customer/vendor	TLFXS		CHAR	31	0	VARCHAR(31)
LFB1	50	INTAD	InternetAddressOfPartnerCompanyClerk	Internet address of partner company clerk	INTAD		CHAR	130	0	VARCHAR(130)
LFB1	51	XLFZB	IndAlternativePayeeUsingAcctNum	Indicator: Alternative payee using account number	XLFZB		CHAR	1	0	VARCHAR(1)
LFB1	52	GUZTE	PayTermsKeyForCreditMemos	Payment Terms Key for Credit Memos	GUZTE		CHAR	4	0	VARCHAR(4)
LFB1	53	GRICD	ActivityCodeForGrossIncomeTax	Activity Code for Gross Income Tax	J_1AGICD_D	J_1AGICD	CHAR	2	0	VARCHAR(2)
LFB1	54	GRIDT	DistTypeForEmploymentTax	Distribution Type for Employment Tax	J_1ADTYP_D	J_1ADTYP	CHAR	2	0	VARCHAR(2)
LFB1	55	XAUSZ	IndForPeriodicAcctStatements	Indicator for periodic account statements	XAUSZ	T048K	CHAR	1	0	VARCHAR(1)
LFB1	56	CERDT	CertificationDate	Certification date	CERDT		DATS	8	0	DATE
LFB1	57	CONFS	StatusOfChangeAuthorizationCompCodeLevel	Status of Change Authorization (Company Code Level)	CONFS_B		CHAR	1	0	VARCHAR(1)
LFB1	58	UPDAT	DateOnWhichTheChangesWereConfirmed	Date on Which the Changes Were Confirmed	UPDAT_RF		DATS	8	0	DATE
LFB1	59	UPTIM	TimeOfLastChangeConfirmation	Time of Last Change Confirmation	UPTIM_RF		TIMS	6	0	VARCHAR(100)
LFB1	60	NODEL	DeletionBockForMasterRecordCompCodeLevel	Deletion bock for master record (company code level)	NODEL_B		CHAR	1	0	VARCHAR(1)
LFB1	61	TLFNS	AcctingClerksTelephoneNumAtBusinessPartner	Accounting clerk's telephone number at business partner	TLFNS		CHAR	30	0	VARCHAR(30)
LFB1	62	AVSND	IndSendPayAdviceByXml	Indicator: Send Payment Advice by XML	AVSND		CHAR	1	0	VARCHAR(1)
LFB1	63	AD_HASH	EMailAddressForAvisHashValue	E-Mail Address for Avis: Hash Value	ADHASH		CHAR	10	0	VARCHAR(10)
LFB1	64	J_SC_SUBCONTYPE	SubcontractorType	Subcontractor Type	/SAPNEA/J_SC_SUBCONTYPE		CHAR	1	0	VARCHAR(1)
LFB1	65	J_SC_COMPDATE	CompletionDateOfInspection	Completion Date Of Inspection	/SAPNEA/J_SC_COMPLETIONDATE		NUMC	3	0	INT
LFB1	66	J_SC_OFFSM	OffsetMethod	Offset Method	/SAPNEA/J_SC_OFFSM		CHAR	1	0	VARCHAR(1)
LFB1	67	J_SC_OFFSR	OffsetPercentage	Offset Percentage	/SAPNEA/J_SC_OFFSR		NUMC	3	0	INT
LFB1	68	BASIS_PNT	AverageDailyBasisPointsForPurchaseCards	Average daily basis points for purchase cards	FMBASIS_POINTS		DEC	6	3	VARCHAR(100)
LFB1	69	GMVKZK	VendorIsInExecution	Vendor is in execution	GMVKZK		CHAR	1	0	VARCHAR(1)
LFB1	70	INTERCOCD	InterCompCode	Intercompany code	OIU_INTERCOCD	T001	CHAR	4	0	VARCHAR(4)
LFB1	71	RSTR_CHG_FL	RestrictedMassTranFlag	Restricted Mass-transaction flag	OIU_RSTR_CHG_FL		CHAR	1	0	VARCHAR(1)
LFB1	72	CHECK_FLAG	IdThatTheOwnersCheckNeedsToBePrinted1St	ID that the owner's check needs to be printed 1st.	OIU_CHECK_FLAG		CHAR	1	0	VARCHAR(1)
LFB1	73	OVRD_RCPMT	OverrideRecoupmentFlag	Override Recoupment Flag	OIU_OVRD_RCPMT		CHAR	1	0	VARCHAR(1)
LFB1	74	MIN_PAY	MininumPayAmt	Mininum Payment Amount	OIU_MIN_PAY		CURR	6	2	DECIMAL(6,2)
LFB1	75	PAY_FRQ_CD	PayFrequencyCode	Payment Frequency Code	OIU_PAY_FRQ_CD		CHAR	2	0	VARCHAR(2)
LFB1	76	RECOUP_PC	RecoupmentPercentage	Recoupment Percentage	OIU_RECOUP_PC		DEC	5	2	VARCHAR(100)
LFB1	77	ALLOT_MTH_CD	AlloteePayMethodCode	Allotee Payment Method Code	OIU_ALLOT_MTH_CD		CHAR	2	0	VARCHAR(2)
LFB1	78	ESCH_CD	EscheatCode	Escheat Code	OIU_ESCH_CD		CHAR	1	0	VARCHAR(1)
LFB1	79	ESCHEAT_DT	EscheatDateOwnerWasPutIntoEscheat	Escheat Date - Owner was put into escheat	OIU_ESCH_DT		DATS	8	0	DATE
LFB1	80	PREPAY_RELEVANT	PrePayRelevanceVendorMaster	Prepayment Relevance (Vendor Master)	WRF_PREPAY_RELEVANT		CHAR	1	0	VARCHAR(1)
LFB1	81	ASSIGN_TEST	AssignTestGroup	Assignment Test Group	WRF_MRM_ASSIGN_GROUP	WRF_ASSIGN_GRP	CHAR	4	0	VARCHAR(4)
LFM1	1	MANDT	Client	Client	MANDT	T000	CLNT	3	0	VARCHAR(3)
LFM1	2	LIFNR	VendorAcctNum	Vendor Account Number	ELIFN	LFA1	CHAR	10	0	VARCHAR(10)
LFM1	3	EKORG	PurchOrganization	Purchasing Organization	EKORG	T024E	CHAR	4	0	VARCHAR(4)
LFM1	4	ERDAT	DateOnWhichRecordWasCreated	Date on Which Record Was Created	ERDAT		DATS	8	0	DATE
LFM1	5	ERNAM	NameOfPersonWhoCreatedTheObject	Name of Person who Created the Object	ERNAM		CHAR	12	0	VARCHAR(12)
LFM1	6	SPERM	PurchBlockAtPurchOrganizationLevel	Purchasing block at purchasing organization level	SPERM_M		CHAR	1	0	VARCHAR(1)
LFM1	7	LOEVM	DeleteFlagForVendorAtPurchLevel	Delete flag for vendor at purchasing level	LOEVM_M		CHAR	1	0	VARCHAR(1)
LFM1	8	LFABC	AbcInd	ABC indicator	LFABC		CHAR	1	0	VARCHAR(1)
LFM1	9	WAERS	PurchaseOrderCurr	Purchase order currency	BSTWA	TCURC	CUKY	5	0	VARCHAR(5)
LFM1	10	VERKF	ResponsibleSalespersonAtVendorsOffice	Responsible Salesperson at Vendor's Office	EVERK		CHAR	30	0	VARCHAR(30)
LFM1	11	TELF1	VendorsTelephoneNum	Vendor's telephone number	TELFE		CHAR	16	0	VARCHAR(16)
LFM1	12	MINBW	MinimumOrderValue	Minimum order value	MINBW		CURR	13	2	DECIMAL(13,2)
LFM1	13	ZTERM	TermsOfPayKey	Terms of Payment Key	DZTERM		CHAR	4	0	VARCHAR(4)
LFM1	14	INCO1	IncotermsPart1	Incoterms (Part 1)	INCO1	TINC	CHAR	3	0	VARCHAR(3)
LFM1	15	INCO2	IncotermsPart2	Incoterms (Part 2)	INCO2		CHAR	28	0	VARCHAR(28)
LFM1	16	WEBRE	IndGrBasedInvoiceVerification	Indicator: GR-Based Invoice Verification	WEBRE		CHAR	1	0	VARCHAR(1)
LFM1	17	KZABS	OrderAcknowledgmentRequirement	Order Acknowledgment Requirement	KZABS		CHAR	1	0	VARCHAR(1)
LFM1	18	KALSK	GroupForCalcSchemaVendor	Group for Calculation Schema (Vendor)	KALSK	TMKK	CHAR	2	0	VARCHAR(2)
LFM1	19	KZAUT	AutomaticGenerationOfPurchaseOrderAllowed	Automatic Generation of Purchase Order Allowed	KZAUT		CHAR	1	0	VARCHAR(1)
LFM1	20	EXPVZ	ModeOfTransportForForeignTrade	Mode of Transport for Foreign Trade	EXPVZ	T618	CHAR	1	0	VARCHAR(1)
LFM1	21	ZOLLA	CustomsOfficeOfficeOfExitEntryForForeignTrade	Customs Office: Office of Exit/Entry for Foreign Trade	DZOLLS	T615	CHAR	6	0	VARCHAR(6)
LFM1	22	MEPRF	PriceDeterminationPricingDateControl	Price Determination (Pricing) Date Control	MEPRF		CHAR	1	0	VARCHAR(1)
LFM1	23	EKGRP	PurchGroup	Purchasing Group	EKGRP	T024	CHAR	3	0	VARCHAR(3)
LFM1	24	XERSY	EvaluatedReceiptSettlementErs	Evaluated Receipt Settlement (ERS)	XERSY		CHAR	1	0	VARCHAR(1)
LFM1	25	PLIFZ	PlannedDeliveryTimeInDays	Planned Delivery Time in Days	PLIFZ		DEC	3	0	VARCHAR(100)
LFM1	26	MRPPP	PlanningCalendar	Planning calendar	MRPPP_W	T439G	CHAR	3	0	VARCHAR(3)
LFM1	27	LFRHY	PlanningCycle	Planning cycle	LFRHY	T439G	CHAR	3	0	VARCHAR(3)
LFM1	28	LIBES	OrderEntryByVendor	Order entry by vendor	LIBES		CHAR	1	0	VARCHAR(1)
LFM1	29	LIPRE	PriceMarkingVendor	Price marking  vendor	LIPRE	TWYAZ	CHAR	2	0	VARCHAR(2)
LFM1	30	LISER	RackJobbingVendor	Rack-jobbing: vendor	LISER		CHAR	1	0	VARCHAR(1)
LFM1	31	PRFRE	IndRelevToPriceDeterminationVendHierarchy	Indicator: relev. to price determination (vend. hierarchy)	PRFRE_LH		CHAR	1	0	VARCHAR(1)
LFM1	32	NRGEW	IndWhetherDiscInKindGranted	Indicator whether discount in kind granted	NRGEW		CHAR	1	0	VARCHAR(1)
LFM1	33	BOIND	IndIndexCompilationForSubseqSettlementActive	Indicator: index compilation for subseq. settlement active	BOIND		CHAR	1	0	VARCHAR(1)
LFM1	34	BLIND	IndDocIndexCompilationActiveForPurchaseOrders	Indicator: Doc. index compilation active for purchase orders	BLIND		CHAR	1	0	VARCHAR(1)
LFM1	35	KZRET	IndicatesWhetherVendorIsReturnsVendor	Indicates whether vendor is returns vendor	KZRET		CHAR	1	0	VARCHAR(1)
LFM1	36	SKRIT	VendorSortCriterionForMaterials	Vendor sort criterion for materials	SKRIT		CHAR	1	0	VARCHAR(1)
LFM1	37	BSTAE	ConfirmationControlKey	Confirmation Control Key	BSTAE	T163L	CHAR	4	0	VARCHAR(4)
LFM1	38	RDPRF	RoundingProfile	Rounding Profile	RDPRF	RDPR	CHAR	4	0	VARCHAR(4)
LFM1	39	MEGRU	UnitOfMeasureGroup	Unit of Measure Group	MEGRU	TWMEG	CHAR	4	0	VARCHAR(4)
LFM1	40	VENSL	VendorServiceLevel	Vendor service level	VENSL		DEC	4	1	VARCHAR(100)
LFM1	41	BOPNR	RestrictionProfileForPoBasedLoadBuilding	Restriction Profile for PO-Based Load Building	BOPNR	TWBO1	CHAR	4	0	VARCHAR(4)
LFM1	42	XERSR	AutomaticEvaluatedReceiptSettlementForReturnItems	Automatic evaluated receipt settlement for return items	XERSR		CHAR	1	0	VARCHAR(1)
LFM1	43	EIKTO	OurAcctNumWithTheVendor	Our account number with the vendor	EIKTO_M		CHAR	12	0	VARCHAR(12)
LFM1	44	ABUEB	ReleaseCreationProfile	Release Creation Profile	ABUEB		CHAR	4	0	VARCHAR(4)
LFM1	45	PAPRF	ProfileForTransferringMaterialDataViaIdocProact	Profile for transferring material data via IDoc PROACT	WVMI_PAPRF	TWVMO	CHAR	4	0	VARCHAR(4)
LFM1	46	AGREL	IndRelevantForAgencyBusiness	Indicator: Relevant for agency business	AGREL		CHAR	1	0	VARCHAR(1)
LFM1	47	XNBWY	ReValAllowed	Revaluation allowed	XNBWY		CHAR	1	0	VARCHAR(1)
LFM1	48	VSBED	ShippingConditions	Shipping Conditions	VSBED	TVSB	CHAR	2	0	VARCHAR(2)
LFM1	49	LEBRE	IndForServiceBasedInvoiceVerification	Indicator for Service-Based Invoice Verification	LEBRE		CHAR	1	0	VARCHAR(1)
LFM1	50	BOLRE	IndVendorSubjectToSubseqSettlementAccting	Indicator: vendor subject to subseq. settlement accounting	BOLRE		CHAR	1	0	VARCHAR(1)
LFM1	51	UMSAE	ComparisonAgreementOfBusinessVolumesNecessary	Comparison/agreement of business volumes necessary	UMSAE		CHAR	1	0	VARCHAR(1)
LFM1	52	VENDOR_RMA_REQ	VendorRmaNumRequired	Vendor RMA Number Required	MSR_VRMA_REQ_LFM1		CHAR	1	0	VARCHAR(1)
LFM1	53	OIHANTYP	ExciseDutyHandlingType	Excise Duty Handling Type	OIH_HANTYP	OIH5	CHAR	2	0	VARCHAR(2)
LFM1	54	OIA_SPLTIV	IndForSplitInvoiceVerification	Indicator for split invoice verification	OIA_SPLTIV		CHAR	1	0	VARCHAR(1)
LFM1	55	OIHVGROUP	VendorGroupRefineryMillOther	Vendor group (refinery/mill/other)	OIH_J1B_VTXGR	OIH2V_J1B	CHAR	4	0	VARCHAR(4)
LFM1	56	OIMATCYC	InvoiceCycle	Invoice cycle	OIA_INVCYC		NUMC	1	0	INT
LFM1	57	ACTIVITY_PROFIL	ActivityProfileForPoControlling	Activity Profile for PO Controlling	WRF_PCTR_ACT_PROF	WRFT_ACT_PROF	CHAR	4	0	VARCHAR(4)
LFM1	58	TRANSPORT_CHAIN	TransportationChain	Transportation Chain	WRF_PSCD_TC_ID	WRF_PSCD_TCHAINH	CHAR	10	0	VARCHAR(10)
LFM1	59	STAGING_TIME	StagingTimeInDays	Staging Time in Days	WRF_PSCD_MST		DEC	3	0	VARCHAR(100)
PAYR	1	MANDT	Client	Client	MANDT	T000	CLNT	3	0	VARCHAR(3)
PAYR	2	ZBUKR	PayCompCode	Paying company code	DZBUKR	T001	CHAR	4	0	VARCHAR(4)
PAYR	3	HBKID	ShortKeyForAHouseBank	Short Key for a House Bank	HBKID	T012	CHAR	5	0	VARCHAR(5)
PAYR	4	HKTID	IdForAcctDetails	ID for account details	HKTID	T012K	CHAR	5	0	VARCHAR(5)
PAYR	5	RZAWE	PayMethod	Payment Method	DZLSCH	T042Z	CHAR	1	0	VARCHAR(1)
PAYR	6	CHECT	CheckNum	Check number	CHECT		CHAR	13	0	VARCHAR(13)
PAYR	7	CHECF	CheckNumFrom	Check Number From	CHECF		CHAR	13	0	VARCHAR(13)
PAYR	8	LAUFD	DateOnWhichTheProgramIsToBeRun	Date on Which the Program Is to Be Run	LAUFD		DATS	8	0	DATE
PAYR	9	LAUFI	AdditionalIdentification	Additional Identification	LAUFI		CHAR	6	0	VARCHAR(6)
PAYR	10	LIFNR	AcctNumOfVendor	Account Number of Vendor or Creditor	LIFNR		CHAR	10	0	VARCHAR(10)
PAYR	11	KUNNR	CustNum	Customer Number	KUNNR		CHAR	10	0	VARCHAR(10)
PAYR	12	EMPFG	PayeeCode	Payee code	EMPFG		CHAR	16	0	VARCHAR(16)
PAYR	13	UBHKT	GLAcctNumForOurBankAcctBankSubAcct	G/L Account Number for Our Bank Account / Bank Sub-Account	UBHKT		CHAR	10	0	VARCHAR(10)
PAYR	14	VBLNR	DocNumOfThePayDoc	Document Number of the Payment Document	VBLNR		CHAR	10	0	VARCHAR(10)
PAYR	15	GJAHR	FiscYear	Fiscal Year	GJAHR		NUMC	4	0	INT
PAYR	16	ZALDT	ProbablePayDateCashDisc1Due	Probable Payment Date (Cash Discount 1 Due)	DZALDT		DATS	8	0	DATE
PAYR	17	WAERS	CurrKey	Currency Key	WAERS	TCURC	CUKY	5	0	VARCHAR(5)
PAYR	18	RWBTR	AmtPaidInThePayCurr	Amount Paid in the Payment Currency	RWBTR		CURR	13	2	DECIMAL(13,2)
PAYR	19	STRGB	BusinessArea	Business Area	GSBER	TGSB	CHAR	4	0	VARCHAR(4)
PAYR	20	PRIDT	PrintDate	Print Date	PRIDT		DATS	8	0	DATE
PAYR	21	PRITI	PrintTime	Print Time	PRITI		TIMS	6	0	VARCHAR(100)
PAYR	22	PRIUS	PrintUser	Print User	PRIUS		CHAR	12	0	VARCHAR(12)
PAYR	23	XMANU	XManualCheck	X - Manual check	XMANU		CHAR	1	0	VARCHAR(1)
PAYR	24	XBANC	XPaidCheck	X - Paid Check	XBANC		CHAR	1	0	VARCHAR(1)
PAYR	25	BANCD	CheckEncashmentDate	Check encashment date	BANCD		DATS	8	0	DATE
PAYR	26	EXTRD	DateOfExtractCreation	Date of Extract Creation	EXTRD		DATS	8	0	DATE
PAYR	27	EXTRT	TimeOfExtractCreation	Time of Extract Creation	EXTRT		TIMS	6	0	VARCHAR(100)
PAYR	28	XBUKR	XIntercompanyPay	X - Intercompany Payment	XBUKR		CHAR	1	0	VARCHAR(1)
PAYR	29	ZANRE	TitleOfThePayee	Title of the payee	DZANRE		CHAR	15	0	VARCHAR(15)
PAYR	30	ZNME1	NameOfThePayee1	Name of the payee	DZNME1		CHAR	35	0	VARCHAR(35)
PAYR	31	ZNME2	NameOfThePayee2	Name of the payee	DZNME1		CHAR	35	0	VARCHAR(35)
PAYR	32	ZNME3	NameOfThePayee3	Name of the payee	DZNME1		CHAR	35	0	VARCHAR(35)
PAYR	33	ZNME4	NameOfThePayee4	Name of the payee	DZNME1		CHAR	35	0	VARCHAR(35)
PAYR	34	ZPSTL	PostalCodeOfThePayee	Postal code of the payee	DZPSTL		CHAR	10	0	VARCHAR(10)
PAYR	35	ZORT1	CityOfThePayee	City of the payee	DZORT1		CHAR	35	0	VARCHAR(35)
PAYR	36	ZSTRA	StreetAndHouseNumOfThePayee	Street and house number of the payee	DZSTRA		CHAR	35	0	VARCHAR(35)
PAYR	37	ZPFAC	POBoxOfThePayee	P.O. box of the payee	DZPFAC		CHAR	10	0	VARCHAR(10)
PAYR	38	ZLAND	CountryKey	Country Key	DZLAND	T005	CHAR	3	0	VARCHAR(3)
PAYR	39	ZREGI	RegionalCodeOfThePayee	Regional code of the payee	DZREGI	T005S	CHAR	3	0	VARCHAR(3)
PAYR	40	ZBNKS	CountryKey	Country Key	DZBNKS	T005	CHAR	3	0	VARCHAR(3)
PAYR	41	ZBNKN	BankAcctNumOfThePayee	Bank account number of the payee	DZBNKN		CHAR	18	0	VARCHAR(18)
PAYR	42	ZBNKL	BankNumOfThePayeesBank	Bank number of the payee's bank	DZBNKL		CHAR	15	0	VARCHAR(15)
PAYR	43	ZBKON	BankControlKeyOfThePayeesBank	Bank Control Key of the Payee's Bank	DZBKON		CHAR	2	0	VARCHAR(2)
PAYR	44	ZSWIF	SwiftBicForInternationalPays	SWIFT/BIC for International Payments	SWIFT		CHAR	11	0	VARCHAR(11)
PAYR	45	ZIBAN	IbanOfThePayee	IBAN of the Payee	DZIBAN		CHAR	34	0	VARCHAR(34)
PAYR	46	VOIDR	CheckVoidReasonCode	Check void reason code	VOIDR	TVOID	NUMC	2	0	INT
PAYR	47	VOIDD	VoidedCheckDate	Voided Check Date	VOIDD		DATS	8	0	DATE
PAYR	48	VOIDU	VoidedCheckUser	Voided check user	VOIDU		CHAR	12	0	VARCHAR(12)
PAYR	49	CHECV	ReplacementCheckNum	Replacement check number	CHECV		CHAR	13	0	VARCHAR(13)
PAYR	50	HBKIV	ReplacementCheckBank	Replacement check bank	HBKIV	T012	CHAR	5	0	VARCHAR(5)
PAYR	51	HKTIV	ReplacementCheckAcct	Replacement check account	HKTIV	T012K	CHAR	5	0	VARCHAR(5)
PAYR	52	ZPST2	POBoxPostalCodeOfThePayee	P.O. box postal code of the payee	DZPST2		CHAR	10	0	VARCHAR(10)
PAYR	53	XRAGL	IndClearingWasReversed	Indicator: Clearing was Reversed	XRAGL		CHAR	1	0	VARCHAR(1)
PAYR	54	PERNR	PersonnelNum	Personnel Number	PERNR_D		NUMC	8	0	INT
PAYR	55	SEQNR	SequenceNum	Sequence Number	SEQC5		CHAR	5	0	VARCHAR(5)
PAYR	56	BTZNR	AssignOfTransfers	Assignment of Transfers	BTZNR		RAW	1	0	VARCHAR(100)
PAYR	57	REC_BELNR	AcctDoc	Accounting Document Number	BELNR_D		CHAR	10	0	VARCHAR(10)
PAYR	58	REC_GJAHR	FiscYear	Fiscal Year	GJAHR		NUMC	4	0	INT
PAYR	59	ZPFOR	CityOfPayeesPoBox	City of payee's PO box	PFORT_Z		CHAR	35	0	VARCHAR(35)
PAYR	60	UZAWE	PayMethodSupplement	Payment Method Supplement	UZAWE	T042F	CHAR	2	0	VARCHAR(2)
PAYR	61	ICHEC	TypeOfPayMediumStoredInPayRegister	Type of Payment Medium (Stored in Payment Register)	ICHEC		CHAR	1	0	VARCHAR(1)
PAYR	62	IREFE	InformationAsToWhetherAReferenceToThisPayExists	Information as to Whether a Reference to this Payment Exists	ICREF		CHAR	1	0	VARCHAR(1)
PAYR	63	RWSKT	TotalCashDiscForThePmntTransactnInPmntCurr	Total Cash Discount for the Pmnt Transactn in Pmnt Currency	RWSKT		CURR	13	2	DECIMAL(13,2)
REGUH	1	MANDT	Client	Client	MANDT	T000	CLNT	3	0	VARCHAR(3)
REGUH	2	LAUFD	DateOnWhichTheProgramIsToBeRun	Date on Which the Program Is to Be Run	LAUFD		DATS	8	0	DATE
REGUH	3	LAUFI	AdditionalIdentification	Additional Identification	LAUFI		CHAR	6	0	VARCHAR(6)
REGUH	4	XVORL	IndOnlyProposalRun	Indicator: Only Proposal Run?	XVORL		CHAR	1	0	VARCHAR(1)
REGUH	5	ZBUKR	PayCompCode	Paying company code	DZBUKR	T001	CHAR	4	0	VARCHAR(4)
REGUH	6	LIFNR	AcctNumOfVendor	Account Number of Vendor or Creditor	LIFNR	LFA1	CHAR	10	0	VARCHAR(10)
REGUH	7	KUNNR	CustNum	Customer Number	KUNNR	KNA1	CHAR	10	0	VARCHAR(10)
REGUH	8	EMPFG	PayeeCode	Payee code	EMPFG		CHAR	16	0	VARCHAR(16)
REGUH	9	VBLNR	PayClearDoc	Document Number of the Payment Document	VBLNR		CHAR	10	0	VARCHAR(10)
REGUH	10	AVISG	ReasonForPrintingPayAdvice	Reason for Printing Payment Advice	AVISG		CHAR	1	0	VARCHAR(1)
REGUH	11	WAERS	CurrKey	Currency Key	WAERS	TCURC	CUKY	5	0	VARCHAR(5)
REGUH	12	SRTGB	BusinessArea	Business Area	GSBER	TGSB	CHAR	4	0	VARCHAR(4)
REGUH	13	ANRED	Title	Title	ANRED		CHAR	15	0	VARCHAR(15)
REGUH	14	NAME1	Name1	Name 1	NAME1_GP		CHAR	35	0	VARCHAR(35)
REGUH	15	NAME2	Name2	Name 2	NAME2_GP		CHAR	35	0	VARCHAR(35)
REGUH	16	NAME3	Name3	Name 3	NAME3_GP		CHAR	35	0	VARCHAR(35)
REGUH	17	NAME4	Name4	Name 4	NAME4_GP		CHAR	35	0	VARCHAR(35)
REGUH	18	PSTLZ	PostalCode	Postal Code	PSTLZ		CHAR	10	0	VARCHAR(10)
REGUH	19	ORT01	City	City	ORT01_GP		CHAR	35	0	VARCHAR(35)
REGUH	20	STRAS	HouseNumAndStreet	House number and street	STRAS_GP		CHAR	35	0	VARCHAR(35)
REGUH	21	PFACH	PoBox	PO Box	PFACH		CHAR	10	0	VARCHAR(10)
REGUH	22	LAND1	CountryKey	Country Key	LAND1	T005	CHAR	3	0	VARCHAR(3)
REGUH	23	STCD1	TaxNum1	Tax Number 1	STCD1		CHAR	16	0	VARCHAR(16)
REGUH	24	WEVWV	PlannedUsageOfTheBillOfExch	Planned usage of the bill of exchange	WEVWV		CHAR	1	0	VARCHAR(1)
REGUH	25	ZANRE	TitleOfThePayee	Title of the payee	DZANRE		CHAR	15	0	VARCHAR(15)
REGUH	26	ZNME1	NameOfThePayee	Name of the payee	DZNME1		CHAR	35	0	VARCHAR(35)
REGUH	27	ZNME2	NameOfThePayee	Name of the payee	DZNME1		CHAR	35	0	VARCHAR(35)
REGUH	28	ZNME3	NameOfThePayee	Name of the payee	DZNME1		CHAR	35	0	VARCHAR(35)
REGUH	29	ZNME4	NameOfThePayee	Name of the payee	DZNME1		CHAR	35	0	VARCHAR(35)
REGUH	30	ZPSTL	PostalCodeOfThePayee	Postal code of the payee	DZPSTL		CHAR	10	0	VARCHAR(10)
REGUH	31	ZORT1	CityOfThePayee	City of the payee	DZORT1		CHAR	35	0	VARCHAR(35)
REGUH	32	ZSTRA	StreetAndHouseNumOfThePayee	Street and house number of the payee	DZSTRA		CHAR	35	0	VARCHAR(35)
REGUH	33	ZPFAC	POBoxOfThePayee	P.O. box of the payee	DZPFAC		CHAR	10	0	VARCHAR(10)
REGUH	34	ZLAND	CountryKey	Country Key	DZLAND	T005	CHAR	3	0	VARCHAR(3)
REGUH	35	ZREGI	RegionalCodeOfThePayee	Regional code of the payee	DZREGI	T005S	CHAR	3	0	VARCHAR(3)
REGUH	36	ZBNKS	CountryKey	Country Key	DZBNKS	T005	CHAR	3	0	VARCHAR(3)
REGUH	37	ZBNKN	BankAcctNumOfThePayee	Bank account number of the payee	DZBNKN		CHAR	18	0	VARCHAR(18)
REGUH	38	ZBNKL	BankNumOfThePayeesBank	Bank number of the payee's bank	DZBNKL		CHAR	15	0	VARCHAR(15)
REGUH	39	ZBKON	BankControlKeyOfThePayeesBank	Bank Control Key of the Payee's Bank	DZBKON		CHAR	2	0	VARCHAR(2)
REGUH	40	ZBVTY	BankDataIndForThePayee	Bank Data Indicator for the Payee	DZBVTY		CHAR	4	0	VARCHAR(4)
REGUH	41	ZSWIF	SwiftBicForInternationalPays	SWIFT/BIC for International Payments	SWIFT		CHAR	11	0	VARCHAR(11)
REGUH	42	XEZER	IndIsThereCollectionAuthorization	Indicator: Is there collection authorization ?	XEZER		CHAR	1	0	VARCHAR(1)
REGUH	43	ZSPRA	LanguageKeyOfThePayee	Language key of the payee	DZSPRA	T002	LANG	1	0	VARCHAR(100)
REGUH	44	ZALDT	PostingDateOfThePayDoc	Posting date of the payment document	DZALDT_ZHL		DATS	8	0	DATE
REGUH	45	RZAWE	PayMethodForThisPay	Payment Method for This Payment	RZAWE	T042Z	CHAR	1	0	VARCHAR(1)
REGUH	46	RUMSK	SpclGLIndOfThePayTran	Special G/L Indicator of the Payment Transaction	RUMSK		CHAR	1	0	VARCHAR(1)
REGUH	47	RZUMS	TargSpclGlIndOfThePayTran	Target Special G/L Indicator of the Payment Transaction	RZUMS		CHAR	1	0	VARCHAR(1)
REGUH	48	HKTID	IdForAcctDetails	ID for account details	HKTID	T012K	CHAR	5	0	VARCHAR(5)
REGUH	49	HBKID	ShortKeyForAHouseBank	Short Key for a House Bank	HBKID	T012	CHAR	5	0	VARCHAR(5)
REGUH	50	HKTIW	ShortKeyOfTheAcctDataForTheBillOfExch	Short Key of the Account Data for the Bill of Exchange	HKTIW	T012K	CHAR	5	0	VARCHAR(5)
REGUH	51	HBKIW	ShortKeyOfTheHouseBankForBillExchForCheckBillEx	Short Key of the House Bank for Bill/Exch.for Check/Bill/Ex.	HBKIW	T012	CHAR	5	0	VARCHAR(5)
REGUH	52	BVTYP	PartnerBankType	Partner Bank Type	BVTYP		CHAR	4	0	VARCHAR(4)
REGUH	53	UBKON	BankControlKeyAtOurBank	Bank control key at our bank	UBKON		CHAR	2	0	VARCHAR(2)
REGUH	54	UBKNT	OurAcctNumAtTheBank	Our account number at the bank	UBKNT		CHAR	18	0	VARCHAR(18)
REGUH	55	UBNKS	BankCountryKey	Bank country key	BANKS	T005	CHAR	3	0	VARCHAR(3)
REGUH	56	UBNKL	BankNumOfOurBank	Bank number of our bank	UBNKL		CHAR	15	0	VARCHAR(15)
REGUH	57	UIBAN	IbanAtOurHouseBank	IBAN at our House Bank	UIBAN		CHAR	34	0	VARCHAR(34)
REGUH	58	UBHKT	GLAcctNumForOurBankAcctBankSubAcct	G/L Account Number for Our Bank Account / Bank Sub-Account	UBHKT	SKB1	CHAR	10	0	VARCHAR(10)
REGUH	59	VALUT	ValueDate	Value date	VALUT		DATS	8	0	DATE
REGUH	60	CRVAL	ValueDateAtPayeesBank	Value Date at Payee's Bank	PRQ_CRVAL		DATS	8	0	DATE
REGUH	61	ANFAE	BillOfExchPayRequestDueDate	Bill of Exchange Payment Request Due Date	ANFAE		DATS	8	0	DATE
REGUH	62	WEFAE	BillOfExchDueDate	Bill of Exchange Due Date	WEFAE		DATS	8	0	DATE
REGUH	63	RBETR	AmtInLocalCurr	Amount in Local Currency	RBETR		CURR	13	2	DECIMAL(13,2)
REGUH	64	RSKON	TotalCashDiscForThePayTransLocalCurr	Total Cash Discount for the Payment Trans. (Local Currency)	RSKON		CURR	13	2	DECIMAL(13,2)
REGUH	65	RWBTR	AmtPaidInThePayCurr	Amount Paid in the Payment Currency	RWBTR		CURR	13	2	DECIMAL(13,2)
REGUH	66	RWSKT	TotalCashDiscForThePmntTransactnInPmntCurr	Total Cash Discount for the Pmnt Transactn in Pmnt Currency	RWSKT		CURR	13	2	DECIMAL(13,2)
REGUH	67	RSPE1	FormCharges	Form Charges	SPES1		CURR	11	2	DECIMAL(11,2)
REGUH	68	RSPE2	FormCharges	Form Charges	SPES2		CURR	11	2	DECIMAL(11,2)
REGUH	69	RPOST	NumOfItemsPaid	Number of Items Paid	RPOST		DEC	5	0	VARCHAR(100)
REGUH	70	RTEXT	NumOfTextLinesForTheItemsPaid	Number of Text Lines for the Items Paid	RTEXT_D		DEC	5	0	VARCHAR(100)
REGUH	71	RSPM1	FormChargesForBillOfExchWithMaximumAmt	Form Charges for Bill of Exchange with Maximum Amount	SPEM1		CURR	11	2	DECIMAL(11,2)
REGUH	72	RSPM2	FormChargesForBillOfExchWithMaximumAmt	Form Charges for Bill of Exchange with Maximum Amount	SPEM2		CURR	11	2	DECIMAL(11,2)
REGUH	73	WEHMX	MaximumAmtPerBillOfExchInLocalCurr	Maximum Amount per Bill of Exchange in Local Currency	WEHMX		CURR	13	2	DECIMAL(13,2)
REGUH	74	WEFMX	MaximumAmtPerBillOfExchInPayCurr	Maximum Amount per Bill of Exchange in Payment Currency	WEFMX		CURR	13	2	DECIMAL(13,2)
REGUH	75	WEHRS	RemainingAmtInLocalCrcyForLastBillOfExch	Remaining Amount in Local Crcy for Last Bill of Exchange	WEHRS		CURR	13	2	DECIMAL(13,2)
REGUH	76	WEFRS	RemainingAmtInPayCrcyForLastBillOfExch	Remaining Amount in Payment Crcy for Last Bill of Exchange	WEFRS		CURR	13	2	DECIMAL(13,2)
REGUH	77	WEAMX	NumOfBillsOfExchWithMaximumAmt	Number of Bills of Exchange with Maximum Amount	WEAMX		DEC	3	0	VARCHAR(100)
REGUH	78	BUSAB	AcctingClerk	Accounting clerk	BUSAB	T001S	CHAR	2	0	VARCHAR(2)
REGUH	79	EIKTO	ShippersOurAcctNumAtTheCustOrVendor	Shipper's (Our) Account Number at the Customer or Vendor	EIKTO		CHAR	12	0	VARCHAR(12)
REGUH	80	XINVE	IndCapitalGoodsAffected	Indicator: Capital Goods Affected?	XINVE		CHAR	1	0	VARCHAR(1)
REGUH	81	WDATE	BillOfExchIssueDate	Bill of Exchange Issue Date	WDATE		DATS	8	0	DATE
REGUH	82	XAEND	IndPayProposalWasChangedAfterwards	Indicator: Payment Proposal was Changed Afterwards	XAEND_REGU		CHAR	1	0	VARCHAR(1)
REGUH	83	ZLSPR	PayBlockKey	Payment Block Key	DZLSPR	T008	CHAR	1	0	VARCHAR(1)
REGUH	84	DTAWS	InstructionKeyForDataMediumExch	Instruction key for data medium exchange	DTAWS		CHAR	2	0	VARCHAR(2)
REGUH	85	DTAMS	IndForDataMediumExch	Indicator for Data Medium Exchange	DTAMS		CHAR	1	0	VARCHAR(1)
REGUH	86	KURSF	ExchRate	Exchange rate	KURSF		DEC	9	5	VARCHAR(100)
REGUH	87	ABWAE	SettlementCurrForBankTransfers	Settlement currency for bank transfers	ABWAE	TCURC	CUKY	5	0	VARCHAR(5)
REGUH	88	SKVHW	LostCashDiscInLocalCurr	Lost Cash Discount in Local Currency	SKVHW		CURR	13	2	DECIMAL(13,2)
REGUH	89	SKVFW	LostCashDiscInPayCurr	Lost Cash Discount in Payment Currency	SKVFW		CURR	13	2	DECIMAL(13,2)
REGUH	90	DSKVH	ImpendingLostCashDiscInLocalCurr	Impending Lost Cash Discount in Local Currency	DSKVH		CURR	13	2	DECIMAL(13,2)
REGUH	91	ZPST2	POBoxPostalCodeOfThePayee	P.O. box postal code of the payee	DZPST2		CHAR	10	0	VARCHAR(10)
REGUH	92	PAYGR	GroupingFieldForAutomaticPays	Grouping Field for Automatic Payments	PAYGR		CHAR	20	0	VARCHAR(20)
REGUH	93	ZBNKY	BankKeyOfThePayeesBank	Bank key of the payee's bank	DZBNKY		CHAR	15	0	VARCHAR(15)
REGUH	94	UBNKY	BankKeyOfOurBank	Bank key of our bank	UBNKY		CHAR	15	0	VARCHAR(15)
REGUH	95	PSTL2	POBoxPostalCode	P.O. Box Postal Code	PSTL2		CHAR	10	0	VARCHAR(10)
REGUH	96	ABSBU	SendingCompCode	Sending company code	ABSBU	T001	CHAR	4	0	VARCHAR(4)
REGUH	97	RBET2	AmtPaidInScndLocalCurr	Amount Paid in Second Local Currency	RBET2		CURR	13	2	DECIMAL(13,2)
REGUH	98	RBET3	AmtPaidInThirdLocalCurr	Amount Paid in Third Local Currency	RBET3		CURR	13	2	DECIMAL(13,2)
REGUH	99	RSKO2	PayTranTotalDiscInScndLocalCurr	Payment Transaction Total Discount in Second Local Currency	RSKO2		CURR	13	2	DECIMAL(13,2)
REGUH	100	RSKO3	PayTranTotalDiscInThirdLocalCurr	Payment Transaction Total Discount in Third Local Currency	RSKO3		CURR	13	2	DECIMAL(13,2)
REGUH	101	KURS2	ExchRateForTheScndLocalCurr	Exchange Rate for the Second Local Currency	KURS2		DEC	9	5	VARCHAR(100)
REGUH	102	KURS3	ExchRateForTheThirdLocalCurr	Exchange Rate for the Third Local Currency	KURS3		DEC	9	5	VARCHAR(100)
REGUH	103	BKREF	ReferenceSpecificationsForBankDetails	Reference specifications for bank details	BKREF		CHAR	20	0	VARCHAR(20)
REGUH	104	UZAWE	PayMethodSupplement	Payment Method Supplement	UZAWE	T042F	CHAR	2	0	VARCHAR(2)
REGUH	105	ZORT2	LocationFromPayeesAddress	Location from payee's address	ORT02_Z		CHAR	35	0	VARCHAR(35)
REGUH	106	ZTLFX	PayeesTelefaxNum	Payee's telefax number	TELFX_Z		CHAR	31	0	VARCHAR(31)
REGUH	107	XSIWE	IndBillOnDemand	Indicator: Bill on demand	XSIWE		CHAR	1	0	VARCHAR(1)
REGUH	108	ZPFOR	CityOfPayeesPoBox	City of payee's PO box	PFORT_Z		CHAR	35	0	VARCHAR(35)
REGUH	109	PERNR	PersonnelNum	Personnel Number	PERNR_D		NUMC	8	0	INT
REGUH	110	SEQNR	SequenceNum	Sequence Number	SEQC5		CHAR	5	0	VARCHAR(5)
REGUH	111	BTZNR	AssignOfTransfers	Assignment of Transfers	BTZNR		RAW	1	0	VARCHAR(100)
REGUH	112	AUSFD	DueDateOfThePaidItems	Due date of the paid items	AUSFD		DATS	8	0	DATE
REGUH	113	AUGDT	ClearingDate	Clearing Date	AUGDT		DATS	8	0	DATE
REGUH	114	EDIAV	EdiPayAdviceStatus	EDI Payment Advice Status	EDIAV		CHAR	1	0	VARCHAR(1)
REGUH	115	IDOC_NUM_AVIS	IdocNum	IDoc number	EDI_DOCNUM		NUMC	16	0	INT
REGUH	116	EDIBN	EdiPayOrderStatus	EDI Payment Order Status	EDIBN		CHAR	1	0	VARCHAR(1)
REGUH	117	IDOC_NUM	IdocNum	IDoc number	EDI_DOCNUM		NUMC	16	0	INT
REGUH	118	ZTELF	PayeeTelephoneNum	Payee telephone number	TELFN_Z		CHAR	20	0	VARCHAR(20)
REGUH	119	ZTELX	PayeeTelexNum	Payee telex number	TELEX_Z		CHAR	30	0	VARCHAR(30)
REGUH	120	KOINH	AcctHolderName	Account Holder Name	KOINH_FI		CHAR	60	0	VARCHAR(60)
REGUH	121	DTWS1	InstructionKey1	Instruction key 1	DTAT16		NUMC	2	0	INT
REGUH	122	DTWS2	InstructionKey2	Instruction key 2	DTAT17		NUMC	2	0	INT
REGUH	123	DTWS3	InstructionKey3	Instruction key 3	DTAT18		NUMC	2	0	INT
REGUH	124	DTWS4	InstructionKey4	Instruction key 4	DTAT19		NUMC	2	0	INT
REGUH	125	ZSTC1	PayeesTaxNum1	Payee's tax number 1	STCD1_Z		CHAR	16	0	VARCHAR(16)
REGUH	126	KIDNO	PayReference	Payment Reference	KIDNO		CHAR	30	0	VARCHAR(30)
REGUH	127	PYORD	PayOrder	Payment Order	PYORD		CHAR	10	0	VARCHAR(10)
REGUH	128	REGIO	RegionStateProvinceCounty	Region (State  Province  County)	REGIO		CHAR	3	0	VARCHAR(3)
REGUH	129	TEXT	TextField	Text field	TEXT		CHAR	29	0	VARCHAR(29)
REGUH	130	BTYP1	TypeOfBankInABankChainCorrespondentIntermediary	Type of bank in a bank chain (correspondent  intermediary)	BNTYP		CHAR	1	0	VARCHAR(1)
REGUH	131	BNKS1	BankCountryKey	Bank country key			CHAR	3	0	VARCHAR(3)
REGUH	132	BNKL1	BankKeys	Bank Keys			CHAR	15	0	VARCHAR(15)
REGUH	133	BNKN1	BankAcctNum	Bank account number			CHAR	18	0	VARCHAR(18)
REGUH	134	BKON1	BankControlKey	Bank Control Key			CHAR	2	0	VARCHAR(2)
REGUH	135	BKRF1	ReferenceSpecificationsForBankDetails	Reference specifications for bank details			CHAR	20	0	VARCHAR(20)
REGUH	136	IBAN1	IbanInternationalBankAcctNum	IBAN (International Bank Account Number)			CHAR	34	0	VARCHAR(34)
REGUH	137	BTYP2	TypeOfBankInABankChainCorrespondentIntermediary	Type of bank in a bank chain (correspondent  intermediary)	BNTYP		CHAR	1	0	VARCHAR(1)
REGUH	138	BNKS2	BankCountryKey	Bank country key			CHAR	3	0	VARCHAR(3)
REGUH	139	BNKL2	BankKeys	Bank Keys			CHAR	15	0	VARCHAR(15)
REGUH	140	BNKN2	BankAcctNum	Bank account number			CHAR	18	0	VARCHAR(18)
REGUH	141	BKON2	BankControlKey	Bank Control Key			CHAR	2	0	VARCHAR(2)
REGUH	142	BKRF2	ReferenceSpecificationsForBankDetails	Reference specifications for bank details			CHAR	20	0	VARCHAR(20)
REGUH	143	IBAN2	IbanInternationalBankAcctNum	IBAN (International Bank Account Number)			CHAR	34	0	VARCHAR(34)
REGUH	144	BTYP3	TypeOfBankInABankChainCorrespondentIntermediary	Type of bank in a bank chain (correspondent  intermediary)	BNTYP		CHAR	1	0	VARCHAR(1)
REGUH	145	BNKS3	BankCountryKey	Bank country key	BANKS		CHAR	3	0	VARCHAR(3)
REGUH	146	BNKL3	BankKeys	Bank Keys	BANKK		CHAR	15	0	VARCHAR(15)
REGUH	147	BNKN3	BankAcctNum	Bank account number	BANKN		CHAR	18	0	VARCHAR(18)
REGUH	148	BKON3	BankControlKey	Bank Control Key	BKONT		CHAR	2	0	VARCHAR(2)
REGUH	149	BKRF3	ReferenceSpecificationsForBankDetails	Reference specifications for bank details	BKREF		CHAR	20	0	VARCHAR(20)
REGUH	150	IBAN3	IbanInternationalBankAcctNum	IBAN (International Bank Account Number)	IBAN		CHAR	34	0	VARCHAR(34)
REGUH	151	SAKNR	GLAcctNum	G/L Account Number	SAKNR		CHAR	10	0	VARCHAR(10)
REGUH	152	HKONT	GeneralLedgerAcct	General Ledger Account	HKONT		CHAR	10	0	VARCHAR(10)
REGUH	153	ALEBN	AleIdocDistStatusOfPayData	ALE IDoc Distribution Status of Payment Data	ALEBN		CHAR	1	0	VARCHAR(1)
REGUH	154	XKDFB	DoNotPostAnyExchRateDiffs	Do not Post any Exchange Rate Differences	XKDFB_042E		CHAR	1	0	VARCHAR(1)
REGUH	155	SRTBP	BusinessPlace	Business Place	BUPLA		CHAR	4	0	VARCHAR(4)
REGUH	156	FPM_KEY	RundateIdAndDefaultIndConcatenated	Rundate ID  and Default Indicator Concatenated	FPM_KEY		CHAR	15	0	VARCHAR(15)
REGUH	157	GRPNO	GroupingCriteriumForPays	Grouping Criterium for Payments	GRPNO_FPM		INT4	10	0	VARCHAR(100)
REGUH	158	SRTF1	FormatSpecificSortingOfPaysInclSequenceNuber	Format-specific sorting of payments incl. sequence nuber	SRTF1N_FPM		CHAR	38	0	VARCHAR(38)
REGUH	159	SRTF2	UserDefinedSortingOfPaysInclSequenceNum	User-defined sorting of payments incl. sequence number	SRTF2N_FPM		CHAR	56	0	VARCHAR(56)
REGUH	160	SRTF3	FormatSpecificSortingOfPaysInclSequenceNuber	Format-specific sorting of payments incl. sequence nuber	SRTF1N_FPM		CHAR	38	0	VARCHAR(38)
REGUH	161	XCORR	IndPayCorrespondence	Indicator: Payment Correspondence	XCORR_FPM		CHAR	1	0	VARCHAR(1)
REGUH	162	XAVIS	IndSeparatePayAdvice	Indicator: Separate Payment Advice	XAVIS_FPM		CHAR	1	0	VARCHAR(1)
REGUH	163	XCOPM	PayMediumForBusinessPartnerCorrespondence	Payment Medium for Business Partner (Correspondence)	XCOPM_FPM		CHAR	1	0	VARCHAR(1)
REGUH	164	DORIGIN	GroupingOrigin	Grouping Origin	FIBL_DORIGIN		CHAR	8	0	VARCHAR(8)
REGUH	165	RFTTRN	PayCode	Payment code	RFTTRN_BF		CHAR	20	0	VARCHAR(20)
REGUH	166	ZADNR	PayeesAddressNum	Payee's Address Number	ADRNR_Z		CHAR	10	0	VARCHAR(10)
REGUH	167	ADRNR	AddressNum	Address number	AD_ADDRNUM		CHAR	10	0	VARCHAR(10)
REGUH	168	ZIBAN	IbanOfThePayee	IBAN of the Payee	DZIBAN		CHAR	34	0	VARCHAR(34)
REGUH	169	MGUID	SepaMandateGuidOfMandate	SEPA Mandate: GUID of Mandate	SEPA_MGUID		RAW	16	0	VARCHAR(100)
REGUH	170	SEQ_TYPE	SepaSequenceType	SEPA: Sequence Type	SEPA_SEQ_TYPE		CHAR	4	0	VARCHAR(4)
REGUH	171	INST_CODE	LocalInstrumentCodeDirectDebitType	Local Instrument Code (Direct Debit Type)	FSEPA_INST_CODE		CHAR	4	0	VARCHAR(4)
REGUH	172	PURP_CODE	SepaPurposeCodeClassificationOfAPayDebitMemo	SEPA Purpose Code: Classification of a Payment/Debit Memo	FPM_PURP_CODE		CHAR	4	0	VARCHAR(4)
REGUH	173	XMLST	StatusOfXmlPayAdvice	Status of XML Payment Advice	XMLST_AVIS		CHAR	1	0	VARCHAR(1)
REGUH	174	TIMESTAMP_AVIS	TimeStampForSendingXmlPayAdvice	Time Stamp for Sending XML Payment Advice	TIMESTAMP_AVIS		DEC	15	0	VARCHAR(100)
REGUH	175	FM_STATUS	AvailabilityStatusForAPay	Availability Status for a Payment	FM_PAY_STA		CHAR	1	0	VARCHAR(1)
REGUH	176	FILE_NBR	KeyForMultipleFilesFromSinglePayProgramPrint	Key for multiple files from single Payment Program Print	FMFG_FILE_NO		NUMC	6	0	INT
ADR6	1	CLIENT	client		MANDT	T000	CLNT	3	0	VARCHAR(3)
ADR6	2	ADDRNUMBER	AddressNumber		AD_ADDRNUM	ADRC	CHAR	10	0	VARCHAR(10)
ADR6	3	PERSNUMBER	PersonNumber		AD_PERSNUM	ADRP	CHAR	10	0	VARCHAR(10)
ADR6	4	DATE_FROM	ValidFromDateInCurrentRelease		AD_DATE_FR		DATS	8	0	DATE
ADR6	5	CONSNUMBER	SequenceNumber		AD_CONSNUM		NUMC	3	0	INT
ADR6	6	FLGDEFAULT	FlagThisAddressIsTheDefaultAddress		AD_FLGDFAD		CHAR	1	0	VARCHAR(1)
ADR6	7	FLG_NOUSE	FlagThisCommunicationNumberIsNotUsed		AD_FLNOUSE		CHAR	1	0	VARCHAR(1)
ADR6	8	HOME_FLAG	RecipientAddressInThisCommunicationType		AD_FLGHOME		CHAR	1	0	VARCHAR(1)
ADR6	9	SMTP_ADDR	EMailAddress		AD_SMTPADR		CHAR	241	0	VARCHAR(241)
ADR6	10	SMTP_SRCH	EMailAddressSearchField		AD_SMTPAD2		CHAR	20	0	VARCHAR(20)
ADR6	11	DFT_RECEIV	FlagRecipientIsStandardRecipientForThisAddress		AD_DFTRCAD		CHAR	1	0	VARCHAR(1)
ADR6	12	R3_USER	FlagConnectedToAnSAPSystem		AD_R3_USER		CHAR	1	0	VARCHAR(1)
ADR6	13	ENCODE	DesiredDataCodingEMail		AD_ENCODE		CHAR	1	0	VARCHAR(1)
ADR6	14	TNEF	FlagReceiverCanReceiveTNEFCodingviaSMTP		AD_TNEF6		CHAR	1	0	VARCHAR(1)
ADR6	15	VALID_FROM	CommunicationDataValidFrom		AD_VALFROM		CHAR	14	0	VARCHAR(14)
ADR6	16	VALID_TO	CommunicationDataValidTo		AD_VALTO		CHAR	14	0	VARCHAR(14)
ADR6	17	ZSLTSTMP	ZSLTSTMP							VARCHAR(100)
ADR6	18	D0_START_STP	D0_START_STP							VARCHAR(100)
ADR6	19	D0_END_STP	D0_END_STP							VARCHAR(100)
ADR6	20	D0_ADD_STP	D0_ADD_STP							VARCHAR(100)
ADR6	21	D0_ADD_USER_ID	D0_ADD_USER_ID							VARCHAR(100)
ADR6	22	D0_UPDATE_STP	D0_UPDATE_STP							VARCHAR(100)
ADR6	23	D0_UPDATE_USER_ID	D0_UPDATE_USER_ID							VARCHAR(100)
ADR6	24	D0_ACTION_ID	D0_ACTION_ID							VARCHAR(100)
ADR6	25	D0_SOURCE_ID	D0_SOURCE_ID							VARCHAR(100)
ADR6	26	D0_CURR_VRSN_FLG	D0_CURR_VRSN_FLG							VARCHAR(100)
ADR6	27	D0_SEQ_NUM	D0_SEQ_NUM							VARCHAR(100)